INSERT
INTO
    ACCOUNT
    (
        id,
        username,
        password,
        firstname,
        lastname,
        email,
        address,
        phone
    )
    VALUES
    (
        '63b61ed5-5ae4-4cc8-9aa3-f14a15c31755',
        'user1',
        'pass1',
        'firstname1',
        'lastname1',
        'email1',
        'address1',
        'phone1'
    )
    ,
    (
        '337bf2b7-a12e-4d48-ba84-1feaddbd4b20',
        'user2',
        'pass2',
        'firstname2',
        'lastname2',
        'email2',
        'address2',
        'phone2'
    )
    ,
    (
        '8ad5b3f5-5c78-415f-bd7a-34b38d523027',
        'user3',
        'pass3',
        'firstname3',
        'lastname3',
        'email3',
        'address3',
        'phone3'
    );
INSERT
INTO
    ROLE
    (
        id,
        role
    )
    VALUES
    (
        '8ad5b3f5-abcd-415f-bd7a-34b38d523027',
        'USER'
    )
    ,
    (
        '8ad5b3f5-abce-415f-bd7a-34b38d523027',
        'ADMIN'
    );
INSERT
INTO
    USER_ROLE
    (
        userid,
        roleid
    )
    VALUES
    (
        '63b61ed5-5ae4-4cc8-9aa3-f14a15c31755',
        '8ad5b3f5-abcd-415f-bd7a-34b38d523027'
    )
    ,
    (
        '337bf2b7-a12e-4d48-ba84-1feaddbd4b20',
        '8ad5b3f5-abcd-415f-bd7a-34b38d523027'
    )
    ,
    (
        '337bf2b7-a12e-4d48-ba84-1feaddbd4b20',
        '8ad5b3f5-abce-415f-bd7a-34b38d523027'
    )
    ,
    (
        '8ad5b3f5-5c78-415f-bd7a-34b38d523027',
        '8ad5b3f5-abce-415f-bd7a-34b38d523027'
    );
INSERT
INTO
    CACHEDS3BUCKET
    (
        id,
        name,
        created,
        lastmodified,
        stillavailable
    )
    VALUES
    (
        '5ef77322-d069-11e7-8fab-cec278b6b50a',
        'test-bucket-small',
        '2017-11-15 14:10:47.661000',
        '2017-11-15 14:10:47.661000',
        'true'
    )
    ,
    (
        '90d5d53c-d069-11e7-8fab-cec278b6b50a',
        'test-bucket-large',
        '2017-11-15 14:10:47.661000',
        '2017-11-15 14:10:47.661000',
        'true'
    );
INSERT
INTO
    CACHEDS3OBJECT
    (
        bucketid,
        name,
        created,
        lastmodified
    )
    VALUES
    (
        '5ef77322-d069-11e7-8fab-cec278b6b50a',
        'file00001',
        '2017-11-23 17:15:00.000000',
        '2017-11-23 17:15:00.000000'
    )
    ,
    (
        '5ef77322-d069-11e7-8fab-cec278b6b50a',
        'file00002',
        '2017-11-23 17:15:00.000000',
        '2017-11-23 17:15:00.000000'
    )
    ,
    (
        '5ef77322-d069-11e7-8fab-cec278b6b50a',
        'file00003',
        '2017-11-23 17:15:00.000000',
        '2017-11-23 17:15:00.000000'
    )
    ,
    (
        '5ef77322-d069-11e7-8fab-cec278b6b50a',
        'file00004',
        '2017-11-23 17:15:00.000000',
        '2017-11-23 17:15:00.000000'
    )
    ,
    (
        '5ef77322-d069-11e7-8fab-cec278b6b50a',
        'file00005',
        '2017-11-23 17:15:00.000000',
        '2017-11-23 17:15:00.000000'
    )
    ,
    (
        '90d5d53c-d069-11e7-8fab-cec278b6b50a',
        'file00001',
        '2017-11-23 17:16:00.000000',
        '2017-11-23 17:16:00.000000'
    )
    ,
    (
        '90d5d53c-d069-11e7-8fab-cec278b6b50a',
        'file00002',
        '2017-11-23 17:16:00.000000',
        '2017-11-23 17:16:00.000000'
    )
    ,
    (
        '90d5d53c-d069-11e7-8fab-cec278b6b50a',
        'file00003',
        '2017-11-23 17:16:00.000000',
        '2017-11-23 17:16:00.000000'
    )
    ,
    (
        '90d5d53c-d069-11e7-8fab-cec278b6b50a',
        'file00004',
        '2017-11-23 17:16:00.000000',
        '2017-11-23 17:16:00.000000'
    )
    ,
    (
        '90d5d53c-d069-11e7-8fab-cec278b6b50a',
        'file00005',
        '2017-11-23 17:16:00.000000',
        '2017-11-23 17:16:00.000000'
    )
    ,
    (
        '90d5d53c-d069-11e7-8fab-cec278b6b50a',
        'file00006',
        '2017-11-23 17:16:00.000000',
        '2017-11-23 17:16:00.000000'
    )
    ,
    (
        '90d5d53c-d069-11e7-8fab-cec278b6b50a',
        'file00007',
        '2017-11-23 17:16:00.000000',
        '2017-11-23 17:16:00.000000'
    )
    ,
    (
        '90d5d53c-d069-11e7-8fab-cec278b6b50a',
        'file00008',
        '2017-11-23 17:16:00.000000',
        '2017-11-23 17:16:00.000000'
    )
    ,
    (
        '90d5d53c-d069-11e7-8fab-cec278b6b50a',
        'file00009',
        '2017-11-23 17:16:00.000000',
        '2017-11-23 17:16:00.000000'
    )
    ,
    (
        '90d5d53c-d069-11e7-8fab-cec278b6b50a',
        'file00010',
        '2017-11-23 17:16:00.000000',
        '2017-11-23 17:16:00.000000'
    );
INSERT
INTO
    CACHEDS3WORDCOUNTPAIR
    (
        bucketid,
        word,
        COUNT
    )
    VALUES
    (
        '5ef77322-d069-11e7-8fab-cec278b6b50a',
        'word41',
        '3'
    )
    ,
    (
        '5ef77322-d069-11e7-8fab-cec278b6b50a',
        'word1',
        '1'
    )
    ,
    (
        '5ef77322-d069-11e7-8fab-cec278b6b50a',
        'word3',
        '3'
    )
    ,
    (
        '5ef77322-d069-11e7-8fab-cec278b6b50a',
        'word11',
        '1'
    )
    ,
    (
        '5ef77322-d069-11e7-8fab-cec278b6b50a',
        'word22',
        '3'
    )
    ,
    (
        '5ef77322-d069-11e7-8fab-cec278b6b50a',
        'word33',
        '4'
    )
    ,
    (
        '5ef77322-d069-11e7-8fab-cec278b6b50a',
        'word44',
        '4'
    )
    ,
    (
        '5ef77322-d069-11e7-8fab-cec278b6b50a',
        'word2',
        '2'
    )
    ,
    (
        '5ef77322-d069-11e7-8fab-cec278b6b50a',
        'word12',
        '2'
    )
    ,
    (
        '5ef77322-d069-11e7-8fab-cec278b6b50a',
        'word23',
        '2'
    )
    ,
    (
        '5ef77322-d069-11e7-8fab-cec278b6b50a',
        'word34',
        '2'
    )
    ,
    (
        '5ef77322-d069-11e7-8fab-cec278b6b50a',
        'word31',
        '1'
    )
    ,
    (
        '5ef77322-d069-11e7-8fab-cec278b6b50a',
        'word42',
        '2'
    )
    ,
    (
        '5ef77322-d069-11e7-8fab-cec278b6b50a',
        'word4',
        '4'
    )
    ,
    (
        '5ef77322-d069-11e7-8fab-cec278b6b50a',
        'word21',
        '4'
    )
    ,
    (
        '5ef77322-d069-11e7-8fab-cec278b6b50a',
        'word32',
        '3'
    )
    ,
    (
        '5ef77322-d069-11e7-8fab-cec278b6b50a',
        'word43',
        '1'
    )
    ,
    (
        '5ef77322-d069-11e7-8fab-cec278b6b50a',
        'word13',
        '3'
    )
    ,
    (
        '5ef77322-d069-11e7-8fab-cec278b6b50a',
        'word24',
        '1'
    )
    ,
    (
        '5ef77322-d069-11e7-8fab-cec278b6b50a',
        'word14',
        '4'
    )
    ,
    (
        '90d5d53c-d069-11e7-8fab-cec278b6b50a',
        'jlwdeonikddicnf',
        '623'
    )
    ,
    (
        '90d5d53c-d069-11e7-8fab-cec278b6b50a',
        'gshltwr',
        '620'
    )
    ,
    (
        '90d5d53c-d069-11e7-8fab-cec278b6b50a',
        'curpovkjggran',
        '4'
    )
    ,
    (
        '90d5d53c-d069-11e7-8fab-cec278b6b50a',
        'mctbd',
        '7'
    )
    ,
    (
        '90d5d53c-d069-11e7-8fab-cec278b6b50a',
        'wonithrmcamwbo',
        '43'
    )
    ,
    (
        '90d5d53c-d069-11e7-8fab-cec278b6b50a',
        'svffthf',
        '71'
    )
    ,
    (
        '90d5d53c-d069-11e7-8fab-cec278b6b50a',
        'yryyc',
        '417'
    )
    ,
    (
        '90d5d53c-d069-11e7-8fab-cec278b6b50a',
        'dycqlmedkibnq',
        '38'
    )
    ,
    (
        '90d5d53c-d069-11e7-8fab-cec278b6b50a',
        'aocyiquibszahz',
        '357'
    )
    ,
    (
        '90d5d53c-d069-11e7-8fab-cec278b6b50a',
        'jdiqdiysvx',
        '30'
    )
    ,
    (
        '90d5d53c-d069-11e7-8fab-cec278b6b50a',
        'gxdlupyfrp',
        '4'
    )
    ,
    (
        '90d5d53c-d069-11e7-8fab-cec278b6b50a',
        'xlnmlssiiu',
        '622'
    )
    ,
    (
        '90d5d53c-d069-11e7-8fab-cec278b6b50a',
        'qyojxlonyayf',
        '13'
    )
    ,
    (
        '90d5d53c-d069-11e7-8fab-cec278b6b50a',
        'cdtffxf',
        '8'
    )
    ,
    (
        '90d5d53c-d069-11e7-8fab-cec278b6b50a',
        'fdscvxqbgs',
        '788'
    )
    ,
    (
        '90d5d53c-d069-11e7-8fab-cec278b6b50a',
        'sevpt',
        '74'
    )
    ,
    (
        '90d5d53c-d069-11e7-8fab-cec278b6b50a',
        'vfdpfaevdkmx',
        '41'
    )
    ,
    (
        '90d5d53c-d069-11e7-8fab-cec278b6b50a',
        'cxrhskghugcvi',
        '4'
    )
    ,
    (
        '90d5d53c-d069-11e7-8fab-cec278b6b50a',
        'hfapgimoc',
        '3'
    )
    ,
    (
        '90d5d53c-d069-11e7-8fab-cec278b6b50a',
        'yvopmoioux',
        '2'
    )
    ,
    (
        '90d5d53c-d069-11e7-8fab-cec278b6b50a',
        'zbvlfnehd',
        '231'
    )
    ,
    (
        '90d5d53c-d069-11e7-8fab-cec278b6b50a',
        'ejybvjtfw',
        '4'
    )
    ,
    (
        '90d5d53c-d069-11e7-8fab-cec278b6b50a',
        'yewnntu',
        '27'
    )
    ,
    (
        '90d5d53c-d069-11e7-8fab-cec278b6b50a',
        'rflebsphvu',
        '5'
    )
    ,
    (
        '90d5d53c-d069-11e7-8fab-cec278b6b50a',
        'kzybwpoq',
        '2'
    )
    ,
    (
        '90d5d53c-d069-11e7-8fab-cec278b6b50a',
        'zznpiv',
        '16'
    )
    ,
    (
        '90d5d53c-d069-11e7-8fab-cec278b6b50a',
        'uqotnnkzqmoxbed',
        '5'
    )
    ,
    (
        '90d5d53c-d069-11e7-8fab-cec278b6b50a',
        'niysgnfmqwv',
        '5'
    )
    ,
    (
        '90d5d53c-d069-11e7-8fab-cec278b6b50a',
        'haomaslwyswrjc',
        '68'
    )
    ,
    (
        '90d5d53c-d069-11e7-8fab-cec278b6b50a',
        'bhickbcm',
        '974'
    )
    ,
    (
        '90d5d53c-d069-11e7-8fab-cec278b6b50a',
        'kmyhajpod',
        '204'
    )
    ,
    (
        '90d5d53c-d069-11e7-8fab-cec278b6b50a',
        'kaytgmtlcz',
        '696'
    )
    ,
    (
        '90d5d53c-d069-11e7-8fab-cec278b6b50a',
        'xzkitideqluyppm',
        '992'
    )
    ,
    (
        '90d5d53c-d069-11e7-8fab-cec278b6b50a',
        'wmrcqkwrrjrf',
        '651'
    )
    ,
    (
        '90d5d53c-d069-11e7-8fab-cec278b6b50a',
        'pucwtezy',
        '7'
    )
    ,
    (
        '90d5d53c-d069-11e7-8fab-cec278b6b50a',
        'gxlskpb',
        '875'
    )
    ,
    (
        '90d5d53c-d069-11e7-8fab-cec278b6b50a',
        'sxkstsy',
        '62'
    )
    ,
    (
        '90d5d53c-d069-11e7-8fab-cec278b6b50a',
        'bsicsnnks',
        '2'
    )
    ,
    (
        '90d5d53c-d069-11e7-8fab-cec278b6b50a',
        'bjaiaxtaojjc',
        '5'
    )
    ,
    (
        '90d5d53c-d069-11e7-8fab-cec278b6b50a',
        'tsgxepoeesmq',
        '87'
    )
    ,
    (
        '90d5d53c-d069-11e7-8fab-cec278b6b50a',
        'otzetqhlkbnm',
        '52'
    )
    ,
    (
        '90d5d53c-d069-11e7-8fab-cec278b6b50a',
        'rnjyhvvnods',
        '7'
    )
    ,
    (
        '90d5d53c-d069-11e7-8fab-cec278b6b50a',
        'gulyjw',
        '77'
    )
    ,
    (
        '90d5d53c-d069-11e7-8fab-cec278b6b50a',
        'nkttcnbklba',
        '15'
    )
    ,
    (
        '90d5d53c-d069-11e7-8fab-cec278b6b50a',
        'ilelsd',
        '5'
    )
    ,
    (
        '90d5d53c-d069-11e7-8fab-cec278b6b50a',
        'qreaiduxzhipx',
        '8'
    )
    ,
    (
        '90d5d53c-d069-11e7-8fab-cec278b6b50a',
        'vjbezsnggmngqjr',
        '80'
    )
    ,
    (
        '90d5d53c-d069-11e7-8fab-cec278b6b50a',
        'puitpkqlieu',
        '3'
    )
    ,
    (
        '90d5d53c-d069-11e7-8fab-cec278b6b50a',
        'fqyczazbpiibth',
        '363'
    )
    ,
    (
        '90d5d53c-d069-11e7-8fab-cec278b6b50a',
        'rgpjih',
        '32'
    )
    ,
    (
        '90d5d53c-d069-11e7-8fab-cec278b6b50a',
        'vpbyphb',
        '3'
    )
    ,
    (
        '90d5d53c-d069-11e7-8fab-cec278b6b50a',
        'ovjzgaowfskvs',
        '983'
    )
    ,
    (
        '90d5d53c-d069-11e7-8fab-cec278b6b50a',
        'xqevmybmcpc',
        '8'
    )
    ,
    (
        '90d5d53c-d069-11e7-8fab-cec278b6b50a',
        'ibatepvt',
        '9'
    )
    ,
    (
        '90d5d53c-d069-11e7-8fab-cec278b6b50a',
        'lzrhod',
        '95'
    )
    ,
    (
        '90d5d53c-d069-11e7-8fab-cec278b6b50a',
        'ophfroqlpnsa',
        '22'
    )
    ,
    (
        '90d5d53c-d069-11e7-8fab-cec278b6b50a',
        'pcxmxzlofgsf',
        '2'
    )
    ,
    (
        '90d5d53c-d069-11e7-8fab-cec278b6b50a',
        'nhewdaupdh',
        '46'
    )
    ,
    (
        '90d5d53c-d069-11e7-8fab-cec278b6b50a',
        'xogkwgzmtasltl',
        '3'
    )
    ,
    (
        '90d5d53c-d069-11e7-8fab-cec278b6b50a',
        'bwbnzlveiopzxnm',
        '4'
    )
    ,
    (
        '90d5d53c-d069-11e7-8fab-cec278b6b50a',
        'wqtljjwns',
        '982'
    )
    ,
    (
        '90d5d53c-d069-11e7-8fab-cec278b6b50a',
        'tdjdtmzy',
        '482'
    )
    ,
    (
        '90d5d53c-d069-11e7-8fab-cec278b6b50a',
        'vyeofrkkfcmcmq',
        '33'
    )
    ,
    (
        '90d5d53c-d069-11e7-8fab-cec278b6b50a',
        'rienhvttguj',
        '775'
    )
    ,
    (
        '90d5d53c-d069-11e7-8fab-cec278b6b50a',
        'pxnarp',
        '47'
    )
    ,
    (
        '90d5d53c-d069-11e7-8fab-cec278b6b50a',
        'iefbaplr',
        '18'
    )
    ,
    (
        '90d5d53c-d069-11e7-8fab-cec278b6b50a',
        'vdgyyckyr',
        '728'
    )
    ,
    (
        '90d5d53c-d069-11e7-8fab-cec278b6b50a',
        'fmyrzwgvz',
        '22'
    )
    ,
    (
        '90d5d53c-d069-11e7-8fab-cec278b6b50a',
        'oncrvyze',
        '4'
    )
    ,
    (
        '90d5d53c-d069-11e7-8fab-cec278b6b50a',
        'gdbabjdrhvmuv',
        '649'
    )
    ,
    (
        '90d5d53c-d069-11e7-8fab-cec278b6b50a',
        'ivtufgxmylxxrwh',
        '10'
    )
    ,
    (
        '90d5d53c-d069-11e7-8fab-cec278b6b50a',
        'pegzg',
        '620'
    )
    ,
    (
        '90d5d53c-d069-11e7-8fab-cec278b6b50a',
        'hdpudpwodrkr',
        '4'
    )
    ,
    (
        '90d5d53c-d069-11e7-8fab-cec278b6b50a',
        'vnytujoxkr',
        '375'
    )
    ,
    (
        '90d5d53c-d069-11e7-8fab-cec278b6b50a',
        'fwloxyjoweihrjw',
        '33'
    )
    ,
    (
        '90d5d53c-d069-11e7-8fab-cec278b6b50a',
        'hpvvotb',
        '10'
    )
    ,
    (
        '90d5d53c-d069-11e7-8fab-cec278b6b50a',
        'agdxjvwhgi',
        '1'
    )
    ,
    (
        '90d5d53c-d069-11e7-8fab-cec278b6b50a',
        'ncvauextn',
        '25'
    )
    ,
    (
        '90d5d53c-d069-11e7-8fab-cec278b6b50a',
        'ncmubnuowdtrg',
        '8'
    )
    ,
    (
        '90d5d53c-d069-11e7-8fab-cec278b6b50a',
        'fvuwewuycglcak',
        '239'
    )
    ,
    (
        '90d5d53c-d069-11e7-8fab-cec278b6b50a',
        'xzmisbmkslxdes',
        '48'
    )
    ,
    (
        '90d5d53c-d069-11e7-8fab-cec278b6b50a',
        'eprbsagmwmeil',
        '190'
    )
    ,
    (
        '90d5d53c-d069-11e7-8fab-cec278b6b50a',
        'gtsykevx',
        '14'
    )
    ,
    (
        '90d5d53c-d069-11e7-8fab-cec278b6b50a',
        'ccduzqrpkap',
        '4'
    )
    ,
    (
        '90d5d53c-d069-11e7-8fab-cec278b6b50a',
        'fsyhoile',
        '33'
    )
    ,
    (
        '90d5d53c-d069-11e7-8fab-cec278b6b50a',
        'anbuvoog',
        '3'
    )
    ,
    (
        '90d5d53c-d069-11e7-8fab-cec278b6b50a',
        'tqdfejetpku',
        '13'
    )
    ,
    (
        '90d5d53c-d069-11e7-8fab-cec278b6b50a',
        'ablwpkkwnlqqctm',
        '1'
    )
    ,
    (
        '90d5d53c-d069-11e7-8fab-cec278b6b50a',
        'qfdzbdrnagszvog',
        '380'
    )
    ,
    (
        '90d5d53c-d069-11e7-8fab-cec278b6b50a',
        'meavau',
        '168'
    )
    ,
    (
        '90d5d53c-d069-11e7-8fab-cec278b6b50a',
        'zojmpkf',
        '3'
    )
    ,
    (
        '90d5d53c-d069-11e7-8fab-cec278b6b50a',
        'irrnctubhgblhr',
        '3'
    )
    ,
    (
        '90d5d53c-d069-11e7-8fab-cec278b6b50a',
        'rrebgmqo',
        '88'
    )
    ,
    (
        '90d5d53c-d069-11e7-8fab-cec278b6b50a',
        'mjzivt',
        '2'
    )
    ,
    (
        '90d5d53c-d069-11e7-8fab-cec278b6b50a',
        'ogvie',
        '158'
    )
    ,
    (
        '90d5d53c-d069-11e7-8fab-cec278b6b50a',
        'lldvtwm',
        '8'
    )
    ,
    (
        '90d5d53c-d069-11e7-8fab-cec278b6b50a',
        'ggbupwz',
        '56'
    )
    ,
    (
        '90d5d53c-d069-11e7-8fab-cec278b6b50a',
        'doenenmi',
        '140'
    )
    ,
    (
        '90d5d53c-d069-11e7-8fab-cec278b6b50a',
        'lsegjinjuxnnc',
        '6'
    )
    ,
    (
        '90d5d53c-d069-11e7-8fab-cec278b6b50a',
        'exfosaojp',
        '375'
    )
    ,
    (
        '90d5d53c-d069-11e7-8fab-cec278b6b50a',
        'epzwsjpht',
        '259'
    )
    ,
    (
        '90d5d53c-d069-11e7-8fab-cec278b6b50a',
        'bzuimqgfjuj',
        '20'
    )
    ,
    (
        '90d5d53c-d069-11e7-8fab-cec278b6b50a',
        'uwxhq',
        '131'
    )
    ,
    (
        '90d5d53c-d069-11e7-8fab-cec278b6b50a',
        'rucvlicmg',
        '234'
    )
    ,
    (
        '90d5d53c-d069-11e7-8fab-cec278b6b50a',
        'yfilg',
        '995'
    )
    ,
    (
        '90d5d53c-d069-11e7-8fab-cec278b6b50a',
        'axiyoiiqxw',
        '739'
    )
    ,
    (
        '90d5d53c-d069-11e7-8fab-cec278b6b50a',
        'dtiepmktxyymh',
        '70'
    )
    ,
    (
        '90d5d53c-d069-11e7-8fab-cec278b6b50a',
        'nhexr',
        '8'
    )
    ,
    (
        '90d5d53c-d069-11e7-8fab-cec278b6b50a',
        'hipgixw',
        '3'
    )
    ,
    (
        '90d5d53c-d069-11e7-8fab-cec278b6b50a',
        'voscvtgnjfhe',
        '5'
    )
    ,
    (
        '90d5d53c-d069-11e7-8fab-cec278b6b50a',
        'ptiql',
        '477'
    )
    ,
    (
        '90d5d53c-d069-11e7-8fab-cec278b6b50a',
        'wnysjgc',
        '665'
    )
    ,
    (
        '90d5d53c-d069-11e7-8fab-cec278b6b50a',
        'wnlpuczut',
        '770'
    )
    ,
    (
        '90d5d53c-d069-11e7-8fab-cec278b6b50a',
        'jwtofgdfpcn',
        '211'
    )
    ,
    (
        '90d5d53c-d069-11e7-8fab-cec278b6b50a',
        'mradq',
        '2'
    )
    ,
    (
        '90d5d53c-d069-11e7-8fab-cec278b6b50a',
        'zedkimjxnjrdl',
        '3'
    )
    ,
    (
        '90d5d53c-d069-11e7-8fab-cec278b6b50a',
        'ioqdkl',
        '7'
    )
    ,
    (
        '90d5d53c-d069-11e7-8fab-cec278b6b50a',
        'myxjqnura',
        '57'
    )
    ,
    (
        '90d5d53c-d069-11e7-8fab-cec278b6b50a',
        'vaxuzpikewdthxz',
        '70'
    )
    ,
    (
        '90d5d53c-d069-11e7-8fab-cec278b6b50a',
        'mkokcvxzmh',
        '9'
    )
    ,
    (
        '90d5d53c-d069-11e7-8fab-cec278b6b50a',
        'kobxjskpgcdf',
        '5'
    )
    ,
    (
        '90d5d53c-d069-11e7-8fab-cec278b6b50a',
        'kzyvtogemmrgo',
        '396'
    )
    ,
    (
        '90d5d53c-d069-11e7-8fab-cec278b6b50a',
        'ogsupftjrejrwe',
        '466'
    )
    ,
    (
        '90d5d53c-d069-11e7-8fab-cec278b6b50a',
        'wfwjikdecolu',
        '875'
    )
    ,
    (
        '90d5d53c-d069-11e7-8fab-cec278b6b50a',
        'byyswvtr',
        '100'
    )
    ,
    (
        '90d5d53c-d069-11e7-8fab-cec278b6b50a',
        'apetzeeloeapeb',
        '57'
    )
    ,
    (
        '90d5d53c-d069-11e7-8fab-cec278b6b50a',
        'czofx',
        '10'
    )
    ,
    (
        '90d5d53c-d069-11e7-8fab-cec278b6b50a',
        'rsynca',
        '22'
    )
    ,
    (
        '90d5d53c-d069-11e7-8fab-cec278b6b50a',
        'djuyq',
        '2'
    )
    ,
    (
        '90d5d53c-d069-11e7-8fab-cec278b6b50a',
        'fambsrsnnquhf',
        '6'
    )
    ,
    (
        '90d5d53c-d069-11e7-8fab-cec278b6b50a',
        'akcpnay',
        '11'
    )
    ,
    (
        '90d5d53c-d069-11e7-8fab-cec278b6b50a',
        'ljovwzrzsach',
        '297'
    )
    ,
    (
        '90d5d53c-d069-11e7-8fab-cec278b6b50a',
        'xyucacyo',
        '246'
    )
    ,
    (
        '90d5d53c-d069-11e7-8fab-cec278b6b50a',
        'cqcjeaxsfp',
        '243'
    )
    ,
    (
        '90d5d53c-d069-11e7-8fab-cec278b6b50a',
        'ldxhadwc',
        '5'
    )
    ,
    (
        '90d5d53c-d069-11e7-8fab-cec278b6b50a',
        'olhjs',
        '2'
    )
    ,
    (
        '90d5d53c-d069-11e7-8fab-cec278b6b50a',
        'lrnipr',
        '6'
    )
    ,
    (
        '90d5d53c-d069-11e7-8fab-cec278b6b50a',
        'pgnrdpugkmwn',
        '530'
    )
    ,
    (
        '90d5d53c-d069-11e7-8fab-cec278b6b50a',
        'lidhbxzqkz',
        '5'
    )
    ,
    (
        '90d5d53c-d069-11e7-8fab-cec278b6b50a',
        'khwewysb',
        '42'
    )
    ,
    (
        '90d5d53c-d069-11e7-8fab-cec278b6b50a',
        'pjbckxxqa',
        '149'
    )
    ,
    (
        '90d5d53c-d069-11e7-8fab-cec278b6b50a',
        'wbjvhhq',
        '26'
    )
    ,
    (
        '90d5d53c-d069-11e7-8fab-cec278b6b50a',
        'khxzng',
        '36'
    )
    ,
    (
        '90d5d53c-d069-11e7-8fab-cec278b6b50a',
        'tlzfdvfnkvv',
        '26'
    )
    ,
    (
        '90d5d53c-d069-11e7-8fab-cec278b6b50a',
        'ujrtgjsvt',
        '1'
    )
    ,
    (
        '90d5d53c-d069-11e7-8fab-cec278b6b50a',
        'xfnucvsirvs',
        '1'
    )
    ,
    (
        '90d5d53c-d069-11e7-8fab-cec278b6b50a',
        'ncncnprovvykrr',
        '615'
    )
    ,
    (
        '90d5d53c-d069-11e7-8fab-cec278b6b50a',
        'kncbdnirewanb',
        '1'
    )
    ,
    (
        '90d5d53c-d069-11e7-8fab-cec278b6b50a',
        'usbbbelpk',
        '45'
    )
    ,
    (
        '90d5d53c-d069-11e7-8fab-cec278b6b50a',
        'itzwevbwnxzhw',
        '50'
    )
    ,
    (
        '90d5d53c-d069-11e7-8fab-cec278b6b50a',
        'kznuitr',
        '7'
    )
    ,
    (
        '90d5d53c-d069-11e7-8fab-cec278b6b50a',
        'onpyiexjkoipmz',
        '8'
    )
    ,
    (
        '90d5d53c-d069-11e7-8fab-cec278b6b50a',
        'pllzuiyrxnib',
        '38'
    )
    ,
    (
        '90d5d53c-d069-11e7-8fab-cec278b6b50a',
        'dejqffqpxmki',
        '609'
    )
    ,
    (
        '90d5d53c-d069-11e7-8fab-cec278b6b50a',
        'gxizeylktwhgze',
        '1'
    )
    ,
    (
        '90d5d53c-d069-11e7-8fab-cec278b6b50a',
        'xksqwglg',
        '3'
    )
    ,
    (
        '90d5d53c-d069-11e7-8fab-cec278b6b50a',
        'dfygrvtpjc',
        '69'
    )
    ,
    (
        '90d5d53c-d069-11e7-8fab-cec278b6b50a',
        'rjtusm',
        '522'
    )
    ,
    (
        '90d5d53c-d069-11e7-8fab-cec278b6b50a',
        'wtfozqmzwg',
        '90'
    )
    ,
    (
        '90d5d53c-d069-11e7-8fab-cec278b6b50a',
        'pwubjatw',
        '10'
    )
    ,
    (
        '90d5d53c-d069-11e7-8fab-cec278b6b50a',
        'zufjpalbex',
        '2'
    )
    ,
    (
        '90d5d53c-d069-11e7-8fab-cec278b6b50a',
        'zaccnrgbbbagc',
        '3'
    )
    ,
    (
        '90d5d53c-d069-11e7-8fab-cec278b6b50a',
        'ksbvxb',
        '677'
    )
    ,
    (
        '90d5d53c-d069-11e7-8fab-cec278b6b50a',
        'ugyxesnfgcj',
        '62'
    )
    ,
    (
        '90d5d53c-d069-11e7-8fab-cec278b6b50a',
        'qiwueshuh',
        '5'
    )
    ,
    (
        '90d5d53c-d069-11e7-8fab-cec278b6b50a',
        'cikeyiwswfg',
        '2'
    )
    ,
    (
        '90d5d53c-d069-11e7-8fab-cec278b6b50a',
        'wfyvdwa',
        '3'
    )
    ,
    (
        '90d5d53c-d069-11e7-8fab-cec278b6b50a',
        'qqzttan',
        '880'
    )
    ,
    (
        '90d5d53c-d069-11e7-8fab-cec278b6b50a',
        'vhbcljjuvh',
        '3'
    )
    ,
    (
        '90d5d53c-d069-11e7-8fab-cec278b6b50a',
        'bjgixskpcpoc',
        '4'
    )
    ,
    (
        '90d5d53c-d069-11e7-8fab-cec278b6b50a',
        'tnzujod',
        '82'
    )
    ,
    (
        '90d5d53c-d069-11e7-8fab-cec278b6b50a',
        'zjbhqoddrv',
        '9'
    )
    ,
    (
        '90d5d53c-d069-11e7-8fab-cec278b6b50a',
        'naistdbhiwxq',
        '474'
    )
    ,
    (
        '90d5d53c-d069-11e7-8fab-cec278b6b50a',
        'dqyjgbsmvc',
        '95'
    )
    ,
    (
        '90d5d53c-d069-11e7-8fab-cec278b6b50a',
        'yyjsmzwsqlsb',
        '5'
    )
    ,
    (
        '90d5d53c-d069-11e7-8fab-cec278b6b50a',
        'xutsfke',
        '295'
    )
    ,
    (
        '90d5d53c-d069-11e7-8fab-cec278b6b50a',
        'xprvuhjnamuh',
        '4'
    )
    ,
    (
        '90d5d53c-d069-11e7-8fab-cec278b6b50a',
        'vmpwnvhdzllheu',
        '77'
    )
    ,
    (
        '90d5d53c-d069-11e7-8fab-cec278b6b50a',
        'ngxpsonflwptot',
        '7'
    )
    ,
    (
        '90d5d53c-d069-11e7-8fab-cec278b6b50a',
        'dgrls',
        '9'
    )
    ,
    (
        '90d5d53c-d069-11e7-8fab-cec278b6b50a',
        'udikxqdm',
        '4'
    )
    ,
    (
        '90d5d53c-d069-11e7-8fab-cec278b6b50a',
        'dhejamylrr',
        '36'
    )
    ,
    (
        '90d5d53c-d069-11e7-8fab-cec278b6b50a',
        'fvtkeiulci',
        '84'
    )
    ,
    (
        '90d5d53c-d069-11e7-8fab-cec278b6b50a',
        'jlqjiru',
        '8'
    )
    ,
    (
        '90d5d53c-d069-11e7-8fab-cec278b6b50a',
        'kgsnnaremrxruri',
        '9'
    )
    ,
    (
        '90d5d53c-d069-11e7-8fab-cec278b6b50a',
        'aqwljgozdwgn',
        '746'
    )
    ,
    (
        '90d5d53c-d069-11e7-8fab-cec278b6b50a',
        'yytwmpzhop',
        '45'
    )
    ,
    (
        '90d5d53c-d069-11e7-8fab-cec278b6b50a',
        'xnstomwie',
        '346'
    )
    ,
    (
        '90d5d53c-d069-11e7-8fab-cec278b6b50a',
        'mcyaxmavn',
        '2'
    )
    ,
    (
        '90d5d53c-d069-11e7-8fab-cec278b6b50a',
        'wvoxqnsgtw',
        '2'
    )
    ,
    (
        '90d5d53c-d069-11e7-8fab-cec278b6b50a',
        'xjpiw',
        '53'
    )
    ,
    (
        '90d5d53c-d069-11e7-8fab-cec278b6b50a',
        'beycqapgbdtcnm',
        '39'
    )
    ,
    (
        '90d5d53c-d069-11e7-8fab-cec278b6b50a',
        'aziwortqybaxwxy',
        '59'
    )
    ,
    (
        '90d5d53c-d069-11e7-8fab-cec278b6b50a',
        'quzrvyxchm',
        '28'
    )
    ,
    (
        '90d5d53c-d069-11e7-8fab-cec278b6b50a',
        'zgigumvf',
        '211'
    )
    ,
    (
        '90d5d53c-d069-11e7-8fab-cec278b6b50a',
        'tngajy',
        '5'
    )
    ,
    (
        '90d5d53c-d069-11e7-8fab-cec278b6b50a',
        'kdwcsfp',
        '4'
    )
    ,
    (
        '90d5d53c-d069-11e7-8fab-cec278b6b50a',
        'ieefavhfndhtl',
        '7'
    )
    ,
    (
        '90d5d53c-d069-11e7-8fab-cec278b6b50a',
        'pzosvxrxi',
        '6'
    )
    ,
    (
        '90d5d53c-d069-11e7-8fab-cec278b6b50a',
        'oouojrdrwiodc',
        '306'
    )
    ,
    (
        '90d5d53c-d069-11e7-8fab-cec278b6b50a',
        'gyiiuusx',
        '949'
    )
    ,
    (
        '90d5d53c-d069-11e7-8fab-cec278b6b50a',
        'biusvdbwfd',
        '45'
    )
    ,
    (
        '90d5d53c-d069-11e7-8fab-cec278b6b50a',
        'opwosjaakgvduw',
        '86'
    )
    ,
    (
        '90d5d53c-d069-11e7-8fab-cec278b6b50a',
        'ablmxk',
        '839'
    )
    ,
    (
        '90d5d53c-d069-11e7-8fab-cec278b6b50a',
        'gmnsgzvqxwt',
        '80'
    )
    ,
    (
        '90d5d53c-d069-11e7-8fab-cec278b6b50a',
        'insvggdvcvq',
        '1'
    )
    ,
    (
        '90d5d53c-d069-11e7-8fab-cec278b6b50a',
        'lnatcdoyvswae',
        '929'
    )
    ,
    (
        '90d5d53c-d069-11e7-8fab-cec278b6b50a',
        'wfxxpzmssshyp',
        '3'
    )
    ,
    (
        '90d5d53c-d069-11e7-8fab-cec278b6b50a',
        'hkegkaqviamqz',
        '8'
    )
    ,
    (
        '90d5d53c-d069-11e7-8fab-cec278b6b50a',
        'ggybgebvpv',
        '94'
    )
    ,
    (
        '90d5d53c-d069-11e7-8fab-cec278b6b50a',
        'uifcvk',
        '51'
    )
    ,
    (
        '90d5d53c-d069-11e7-8fab-cec278b6b50a',
        'ayalteyvmjd',
        '760'
    )
    ,
    (
        '90d5d53c-d069-11e7-8fab-cec278b6b50a',
        'iooornoctdv',
        '4'
    )
    ,
    (
        '90d5d53c-d069-11e7-8fab-cec278b6b50a',
        'tanbgttuoeqvwz',
        '6'
    )
    ,
    (
        '90d5d53c-d069-11e7-8fab-cec278b6b50a',
        'mpnvfojz',
        '142'
    )
    ,
    (
        '90d5d53c-d069-11e7-8fab-cec278b6b50a',
        'saqakvhgcg',
        '99'
    )
    ,
    (
        '90d5d53c-d069-11e7-8fab-cec278b6b50a',
        'fhugkufjfyyv',
        '68'
    )
    ,
    (
        '90d5d53c-d069-11e7-8fab-cec278b6b50a',
        'nmovdvclm',
        '4'
    )
    ,
    (
        '90d5d53c-d069-11e7-8fab-cec278b6b50a',
        'yuioiuvtwmxo',
        '914'
    )
    ,
    (
        '90d5d53c-d069-11e7-8fab-cec278b6b50a',
        'lhcxyglazwwfteo',
        '45'
    )
    ,
    (
        '90d5d53c-d069-11e7-8fab-cec278b6b50a',
        'lsdsnj',
        '6'
    )
    ,
    (
        '90d5d53c-d069-11e7-8fab-cec278b6b50a',
        'bkesnodglapam',
        '124'
    )
    ,
    (
        '90d5d53c-d069-11e7-8fab-cec278b6b50a',
        'iysxiisj',
        '6'
    )
    ,
    (
        '90d5d53c-d069-11e7-8fab-cec278b6b50a',
        'hyciufe',
        '182'
    )
    ,
    (
        '90d5d53c-d069-11e7-8fab-cec278b6b50a',
        'czginbhgvmg',
        '24'
    )
    ,
    (
        '90d5d53c-d069-11e7-8fab-cec278b6b50a',
        'rzyyx',
        '36'
    )
    ,
    (
        '90d5d53c-d069-11e7-8fab-cec278b6b50a',
        'arruppaeubh',
        '795'
    )
    ,
    (
        '90d5d53c-d069-11e7-8fab-cec278b6b50a',
        'ifxpc',
        '95'
    )
    ,
    (
        '90d5d53c-d069-11e7-8fab-cec278b6b50a',
        'yhidjybqkdjhq',
        '648'
    )
    ,
    (
        '90d5d53c-d069-11e7-8fab-cec278b6b50a',
        'janofzfsn',
        '387'
    )
    ,
    (
        '90d5d53c-d069-11e7-8fab-cec278b6b50a',
        'mzqxta',
        '781'
    )
    ,
    (
        '90d5d53c-d069-11e7-8fab-cec278b6b50a',
        'swrfnu',
        '628'
    )
    ,
    (
        '90d5d53c-d069-11e7-8fab-cec278b6b50a',
        'wkofupxw',
        '99'
    )
    ,
    (
        '90d5d53c-d069-11e7-8fab-cec278b6b50a',
        'avvggkqixdn',
        '1'
    )
    ,
    (
        '90d5d53c-d069-11e7-8fab-cec278b6b50a',
        'gwnpg',
        '69'
    )
    ,
    (
        '90d5d53c-d069-11e7-8fab-cec278b6b50a',
        'rwczmjzwpnzx',
        '98'
    )
    ,
    (
        '90d5d53c-d069-11e7-8fab-cec278b6b50a',
        'qundqzjj',
        '1'
    )
    ,
    (
        '90d5d53c-d069-11e7-8fab-cec278b6b50a',
        'qwcwiea',
        '522'
    )
    ,
    (
        '90d5d53c-d069-11e7-8fab-cec278b6b50a',
        'ddgbq',
        '1'
    )
    ,
    (
        '90d5d53c-d069-11e7-8fab-cec278b6b50a',
        'maaap',
        '850'
    )
    ,
    (
        '90d5d53c-d069-11e7-8fab-cec278b6b50a',
        'imvcrnaocepeki',
        '7'
    )
    ,
    (
        '90d5d53c-d069-11e7-8fab-cec278b6b50a',
        'leaunl',
        '5'
    )
    ,
    (
        '90d5d53c-d069-11e7-8fab-cec278b6b50a',
        'vivrghr',
        '71'
    )
    ,
    (
        '90d5d53c-d069-11e7-8fab-cec278b6b50a',
        'xadvj',
        '476'
    )
    ,
    (
        '90d5d53c-d069-11e7-8fab-cec278b6b50a',
        'yfjvierqm',
        '25'
    )
    ,
    (
        '90d5d53c-d069-11e7-8fab-cec278b6b50a',
        'plqndadzxn',
        '50'
    )
    ,
    (
        '90d5d53c-d069-11e7-8fab-cec278b6b50a',
        'gvhnusepxuoygo',
        '802'
    )
    ,
    (
        '90d5d53c-d069-11e7-8fab-cec278b6b50a',
        'gqnkxvtefypnaou',
        '618'
    )
    ,
    (
        '90d5d53c-d069-11e7-8fab-cec278b6b50a',
        'tszsfij',
        '26'
    )
    ,
    (
        '90d5d53c-d069-11e7-8fab-cec278b6b50a',
        'mjliepoa',
        '5'
    )
    ,
    (
        '90d5d53c-d069-11e7-8fab-cec278b6b50a',
        'icueietf',
        '6'
    )
    ,
    (
        '90d5d53c-d069-11e7-8fab-cec278b6b50a',
        'yrjyh',
        '242'
    )
    ,
    (
        '90d5d53c-d069-11e7-8fab-cec278b6b50a',
        'ybsrkhxnd',
        '446'
    )
    ,
    (
        '90d5d53c-d069-11e7-8fab-cec278b6b50a',
        'teskvylditdfw',
        '2'
    )
    ,
    (
        '90d5d53c-d069-11e7-8fab-cec278b6b50a',
        'reuhbxtylhyt',
        '4'
    )
    ,
    (
        '90d5d53c-d069-11e7-8fab-cec278b6b50a',
        'pfcnddobdrnm',
        '76'
    )
    ,
    (
        '90d5d53c-d069-11e7-8fab-cec278b6b50a',
        'tkpgutcjjfyjqb',
        '7'
    )
    ,
    (
        '90d5d53c-d069-11e7-8fab-cec278b6b50a',
        'ntugqtpieffnu',
        '1'
    )
    ,
    (
        '90d5d53c-d069-11e7-8fab-cec278b6b50a',
        'qcnjgnntxk',
        '9'
    )
    ,
    (
        '90d5d53c-d069-11e7-8fab-cec278b6b50a',
        'aqbiaqebwoem',
        '8'
    )
    ,
    (
        '90d5d53c-d069-11e7-8fab-cec278b6b50a',
        'omfpv',
        '5'
    )
    ,
    (
        '90d5d53c-d069-11e7-8fab-cec278b6b50a',
        'bvqljglmtolvetv',
        '809'
    )
    ,
    (
        '90d5d53c-d069-11e7-8fab-cec278b6b50a',
        'ghhlzqdi',
        '803'
    )
    ,
    (
        '90d5d53c-d069-11e7-8fab-cec278b6b50a',
        'jilzpkaktmsu',
        '988'
    )
    ,
    (
        '90d5d53c-d069-11e7-8fab-cec278b6b50a',
        'xycfbjkrfify',
        '582'
    )
    ,
    (
        '90d5d53c-d069-11e7-8fab-cec278b6b50a',
        'ernrwrysvcmp',
        '87'
    )
    ,
    (
        '90d5d53c-d069-11e7-8fab-cec278b6b50a',
        'isjhwiqenylc',
        '22'
    )
    ,
    (
        '90d5d53c-d069-11e7-8fab-cec278b6b50a',
        'dvepz',
        '50'
    )
    ,
    (
        '90d5d53c-d069-11e7-8fab-cec278b6b50a',
        'wnmbwevy',
        '36'
    )
    ,
    (
        '90d5d53c-d069-11e7-8fab-cec278b6b50a',
        'ubdpsowuarff',
        '77'
    )
    ,
    (
        '90d5d53c-d069-11e7-8fab-cec278b6b50a',
        'mvbyaszfprcqon',
        '845'
    )
    ,
    (
        '90d5d53c-d069-11e7-8fab-cec278b6b50a',
        'ymjfkmm',
        '4'
    )
    ,
    (
        '90d5d53c-d069-11e7-8fab-cec278b6b50a',
        'eytaksqnbe',
        '44'
    )
    ,
    (
        '90d5d53c-d069-11e7-8fab-cec278b6b50a',
        'ogcymaghl',
        '577'
    )
    ,
    (
        '90d5d53c-d069-11e7-8fab-cec278b6b50a',
        'hciyjydmulj',
        '7'
    )
    ,
    (
        '90d5d53c-d069-11e7-8fab-cec278b6b50a',
        'ziudwvdwgtwfi',
        '290'
    )
    ,
    (
        '90d5d53c-d069-11e7-8fab-cec278b6b50a',
        'vyuknxfmffifvt',
        '39'
    )
    ,
    (
        '90d5d53c-d069-11e7-8fab-cec278b6b50a',
        'ounhbdx',
        '880'
    )
    ,
    (
        '90d5d53c-d069-11e7-8fab-cec278b6b50a',
        'qnsffa',
        '720'
    )
    ,
    (
        '90d5d53c-d069-11e7-8fab-cec278b6b50a',
        'yzvaqtsmx',
        '245'
    )
    ,
    (
        '90d5d53c-d069-11e7-8fab-cec278b6b50a',
        'qdmofn',
        '637'
    )
    ,
    (
        '90d5d53c-d069-11e7-8fab-cec278b6b50a',
        'daahyqpwopzazk',
        '5'
    )
    ,
    (
        '90d5d53c-d069-11e7-8fab-cec278b6b50a',
        'jxelvlkk',
        '4'
    )
    ,
    (
        '90d5d53c-d069-11e7-8fab-cec278b6b50a',
        'adnsibkhfkchs',
        '2'
    )
    ,
    (
        '90d5d53c-d069-11e7-8fab-cec278b6b50a',
        'vmzealmlns',
        '8'
    )
    ,
    (
        '90d5d53c-d069-11e7-8fab-cec278b6b50a',
        'yijodmcolfa',
        '996'
    )
    ,
    (
        '90d5d53c-d069-11e7-8fab-cec278b6b50a',
        'dnroqnqum',
        '5'
    )
    ,
    (
        '90d5d53c-d069-11e7-8fab-cec278b6b50a',
        'hifpkrqid',
        '77'
    )
    ,
    (
        '90d5d53c-d069-11e7-8fab-cec278b6b50a',
        'wmubbtncdf',
        '49'
    )
    ,
    (
        '90d5d53c-d069-11e7-8fab-cec278b6b50a',
        'wtlvw',
        '568'
    )
    ,
    (
        '90d5d53c-d069-11e7-8fab-cec278b6b50a',
        'zielstujdty',
        '8'
    )
    ,
    (
        '90d5d53c-d069-11e7-8fab-cec278b6b50a',
        'vvizlnmvlg',
        '259'
    )
    ,
    (
        '90d5d53c-d069-11e7-8fab-cec278b6b50a',
        'xqpevig',
        '3'
    )
    ,
    (
        '90d5d53c-d069-11e7-8fab-cec278b6b50a',
        'ctgznedphlh',
        '84'
    )
    ,
    (
        '90d5d53c-d069-11e7-8fab-cec278b6b50a',
        'wvjhurukgaoath',
        '797'
    )
    ,
    (
        '90d5d53c-d069-11e7-8fab-cec278b6b50a',
        'nfpkdkzyq',
        '311'
    )
    ,
    (
        '90d5d53c-d069-11e7-8fab-cec278b6b50a',
        'ajivhuymhdxtkob',
        '45'
    )
    ,
    (
        '90d5d53c-d069-11e7-8fab-cec278b6b50a',
        'xqjmufbvxb',
        '489'
    )
    ,
    (
        '90d5d53c-d069-11e7-8fab-cec278b6b50a',
        'udgpyhzs',
        '480'
    )
    ,
    (
        '90d5d53c-d069-11e7-8fab-cec278b6b50a',
        'fpkrnjterd',
        '11'
    )
    ,
    (
        '90d5d53c-d069-11e7-8fab-cec278b6b50a',
        'pxcahuiwidfcjbg',
        '20'
    )
    ,
    (
        '90d5d53c-d069-11e7-8fab-cec278b6b50a',
        'cwmxj',
        '6'
    )
    ,
    (
        '90d5d53c-d069-11e7-8fab-cec278b6b50a',
        'dcmbas',
        '32'
    )
    ,
    (
        '90d5d53c-d069-11e7-8fab-cec278b6b50a',
        'gfodxlz',
        '443'
    )
    ,
    (
        '90d5d53c-d069-11e7-8fab-cec278b6b50a',
        'bfbpmeuionuxv',
        '822'
    )
    ,
    (
        '90d5d53c-d069-11e7-8fab-cec278b6b50a',
        'ronptfohcie',
        '785'
    )
    ,
    (
        '90d5d53c-d069-11e7-8fab-cec278b6b50a',
        'gmtshxxvgzphqp',
        '42'
    )
    ,
    (
        '90d5d53c-d069-11e7-8fab-cec278b6b50a',
        'othgzgd',
        '347'
    )
    ,
    (
        '90d5d53c-d069-11e7-8fab-cec278b6b50a',
        'mkrvyvnlmn',
        '990'
    )
    ,
    (
        '90d5d53c-d069-11e7-8fab-cec278b6b50a',
        'vehgcgont',
        '1'
    )
    ,
    (
        '90d5d53c-d069-11e7-8fab-cec278b6b50a',
        'rnkayvisfedtoah',
        '1'
    )
    ,
    (
        '90d5d53c-d069-11e7-8fab-cec278b6b50a',
        'omjmjykmmuz',
        '604'
    )
    ,
    (
        '90d5d53c-d069-11e7-8fab-cec278b6b50a',
        'bcdpcefqmvrdv',
        '335'
    )
    ,
    (
        '90d5d53c-d069-11e7-8fab-cec278b6b50a',
        'aordtown',
        '1'
    )
    ,
    (
        '90d5d53c-d069-11e7-8fab-cec278b6b50a',
        'ohgslkmyl',
        '77'
    )
    ,
    (
        '90d5d53c-d069-11e7-8fab-cec278b6b50a',
        'qhbxgyq',
        '826'
    )
    ,
    (
        '90d5d53c-d069-11e7-8fab-cec278b6b50a',
        'twfpcbpalbj',
        '6'
    )
    ,
    (
        '90d5d53c-d069-11e7-8fab-cec278b6b50a',
        'kwjal',
        '4'
    )
    ,
    (
        '90d5d53c-d069-11e7-8fab-cec278b6b50a',
        'uveqhb',
        '62'
    )
    ,
    (
        '90d5d53c-d069-11e7-8fab-cec278b6b50a',
        'yoartl',
        '5'
    )
    ,
    (
        '90d5d53c-d069-11e7-8fab-cec278b6b50a',
        'semtfnhwpnc',
        '32'
    )
    ,
    (
        '90d5d53c-d069-11e7-8fab-cec278b6b50a',
        'xthkyzbnhhhrt',
        '892'
    )
    ,
    (
        '90d5d53c-d069-11e7-8fab-cec278b6b50a',
        'gboeknf',
        '892'
    )
    ,
    (
        '90d5d53c-d069-11e7-8fab-cec278b6b50a',
        'awkwgnircpxaut',
        '79'
    )
    ,
    (
        '90d5d53c-d069-11e7-8fab-cec278b6b50a',
        'vyeajzcup',
        '6'
    )
    ,
    (
        '90d5d53c-d069-11e7-8fab-cec278b6b50a',
        'fzoqdcp',
        '342'
    )
    ,
    (
        '90d5d53c-d069-11e7-8fab-cec278b6b50a',
        'hywosisrjuilfff',
        '22'
    )
    ,
    (
        '90d5d53c-d069-11e7-8fab-cec278b6b50a',
        'jweqdfuj',
        '24'
    )
    ,
    (
        '90d5d53c-d069-11e7-8fab-cec278b6b50a',
        'huvbvnmcjfje',
        '7'
    )
    ,
    (
        '90d5d53c-d069-11e7-8fab-cec278b6b50a',
        'jnucyjr',
        '61'
    )
    ,
    (
        '90d5d53c-d069-11e7-8fab-cec278b6b50a',
        'euyyitnff',
        '619'
    )
    ,
    (
        '90d5d53c-d069-11e7-8fab-cec278b6b50a',
        'rljycqjafmyvmcg',
        '23'
    )
    ,
    (
        '90d5d53c-d069-11e7-8fab-cec278b6b50a',
        'vmwukckdeadtlt',
        '1'
    )
    ,
    (
        '90d5d53c-d069-11e7-8fab-cec278b6b50a',
        'vmpbtjo',
        '213'
    )
    ,
    (
        '90d5d53c-d069-11e7-8fab-cec278b6b50a',
        'kbijitwqihq',
        '88'
    )
    ,
    (
        '90d5d53c-d069-11e7-8fab-cec278b6b50a',
        'fguanqntrhxuwrl',
        '80'
    )
    ,
    (
        '90d5d53c-d069-11e7-8fab-cec278b6b50a',
        'uiftgefy',
        '16'
    )
    ,
    (
        '90d5d53c-d069-11e7-8fab-cec278b6b50a',
        'lvmmael',
        '77'
    )
    ,
    (
        '90d5d53c-d069-11e7-8fab-cec278b6b50a',
        'gxwehtrynueybg',
        '6'
    )
    ,
    (
        '90d5d53c-d069-11e7-8fab-cec278b6b50a',
        'ibeveotkcisj',
        '104'
    )
    ,
    (
        '90d5d53c-d069-11e7-8fab-cec278b6b50a',
        'ligspvhsesf',
        '561'
    )
    ,
    (
        '90d5d53c-d069-11e7-8fab-cec278b6b50a',
        'ytqjiwwveph',
        '52'
    )
    ,
    (
        '90d5d53c-d069-11e7-8fab-cec278b6b50a',
        'andanxqjt',
        '13'
    )
    ,
    (
        '90d5d53c-d069-11e7-8fab-cec278b6b50a',
        'xwmsh',
        '502'
    )
    ,
    (
        '90d5d53c-d069-11e7-8fab-cec278b6b50a',
        'uvvcg',
        '132'
    )
    ,
    (
        '90d5d53c-d069-11e7-8fab-cec278b6b50a',
        'loiluqettgcwoqc',
        '627'
    )
    ,
    (
        '90d5d53c-d069-11e7-8fab-cec278b6b50a',
        'plpshhofrhtl',
        '1'
    )
    ,
    (
        '90d5d53c-d069-11e7-8fab-cec278b6b50a',
        'ubtscnox',
        '7'
    )
    ,
    (
        '90d5d53c-d069-11e7-8fab-cec278b6b50a',
        'pflnntwwsdxo',
        '755'
    )
    ,
    (
        '90d5d53c-d069-11e7-8fab-cec278b6b50a',
        'tjatnl',
        '9'
    )
    ,
    (
        '90d5d53c-d069-11e7-8fab-cec278b6b50a',
        'azcto',
        '976'
    )
    ,
    (
        '90d5d53c-d069-11e7-8fab-cec278b6b50a',
        'blgzghitnrpwgjk',
        '91'
    )
    ,
    (
        '90d5d53c-d069-11e7-8fab-cec278b6b50a',
        'jvjcakiwpr',
        '20'
    )
    ,
    (
        '90d5d53c-d069-11e7-8fab-cec278b6b50a',
        'jkgmmsuip',
        '41'
    )
    ,
    (
        '90d5d53c-d069-11e7-8fab-cec278b6b50a',
        'egesevful',
        '951'
    )
    ,
    (
        '90d5d53c-d069-11e7-8fab-cec278b6b50a',
        'fjfsitwbuxsm',
        '344'
    )
    ,
    (
        '90d5d53c-d069-11e7-8fab-cec278b6b50a',
        'xogyaoczebuupio',
        '928'
    )
    ,
    (
        '90d5d53c-d069-11e7-8fab-cec278b6b50a',
        'ajwogwrxehsxgud',
        '7'
    )
    ,
    (
        '90d5d53c-d069-11e7-8fab-cec278b6b50a',
        'nsbrsu',
        '787'
    )
    ,
    (
        '90d5d53c-d069-11e7-8fab-cec278b6b50a',
        'zcvojuee',
        '61'
    )
    ,
    (
        '90d5d53c-d069-11e7-8fab-cec278b6b50a',
        'mrrsvksrluq',
        '870'
    )
    ,
    (
        '90d5d53c-d069-11e7-8fab-cec278b6b50a',
        'bjrhsn',
        '1'
    )
    ,
    (
        '90d5d53c-d069-11e7-8fab-cec278b6b50a',
        'tkmzlfc',
        '10'
    )
    ,
    (
        '90d5d53c-d069-11e7-8fab-cec278b6b50a',
        'bfhrbtdp',
        '22'
    )
    ,
    (
        '90d5d53c-d069-11e7-8fab-cec278b6b50a',
        'gwxisnihx',
        '57'
    )
    ,
    (
        '90d5d53c-d069-11e7-8fab-cec278b6b50a',
        'cznae',
        '3'
    )
    ,
    (
        '90d5d53c-d069-11e7-8fab-cec278b6b50a',
        'tepidyfwbrwl',
        '4'
    )
    ,
    (
        '90d5d53c-d069-11e7-8fab-cec278b6b50a',
        'tgwbtmgpwoiv',
        '466'
    )
    ,
    (
        '90d5d53c-d069-11e7-8fab-cec278b6b50a',
        'wlrmntwkrtwrjqw',
        '22'
    )
    ,
    (
        '90d5d53c-d069-11e7-8fab-cec278b6b50a',
        'nehuxvvtnbht',
        '9'
    )
    ,
    (
        '90d5d53c-d069-11e7-8fab-cec278b6b50a',
        'cnyfivervgs',
        '2'
    )
    ,
    (
        '90d5d53c-d069-11e7-8fab-cec278b6b50a',
        'yvlocwuarr',
        '67'
    )
    ,
    (
        '90d5d53c-d069-11e7-8fab-cec278b6b50a',
        'qlndz',
        '5'
    )
    ,
    (
        '90d5d53c-d069-11e7-8fab-cec278b6b50a',
        'rsgteirdxgr',
        '7'
    )
    ,
    (
        '90d5d53c-d069-11e7-8fab-cec278b6b50a',
        'kshuxcoxbekkxa',
        '101'
    )
    ,
    (
        '90d5d53c-d069-11e7-8fab-cec278b6b50a',
        'qqygmspkd',
        '619'
    )
    ,
    (
        '90d5d53c-d069-11e7-8fab-cec278b6b50a',
        'izfzblimefqtx',
        '23'
    )
    ,
    (
        '90d5d53c-d069-11e7-8fab-cec278b6b50a',
        'lvnxzj',
        '98'
    )
    ,
    (
        '90d5d53c-d069-11e7-8fab-cec278b6b50a',
        'ayrasus',
        '85'
    )
    ,
    (
        '90d5d53c-d069-11e7-8fab-cec278b6b50a',
        'grsyghod',
        '62'
    )
    ,
    (
        '90d5d53c-d069-11e7-8fab-cec278b6b50a',
        'ocxumrnsdbc',
        '962'
    )
    ,
    (
        '90d5d53c-d069-11e7-8fab-cec278b6b50a',
        'wtzrtkeoey',
        '9'
    )
    ,
    (
        '90d5d53c-d069-11e7-8fab-cec278b6b50a',
        'jhzej',
        '143'
    )
    ,
    (
        '90d5d53c-d069-11e7-8fab-cec278b6b50a',
        'qnlrgibhyhljnl',
        '66'
    )
    ,
    (
        '90d5d53c-d069-11e7-8fab-cec278b6b50a',
        'sdifrhkr',
        '784'
    )
    ,
    (
        '90d5d53c-d069-11e7-8fab-cec278b6b50a',
        'ccamqwdwpsr',
        '7'
    )
    ,
    (
        '90d5d53c-d069-11e7-8fab-cec278b6b50a',
        'xhvfxesyuumn',
        '8'
    )
    ,
    (
        '90d5d53c-d069-11e7-8fab-cec278b6b50a',
        'baqioptbbmkbbqo',
        '335'
    )
    ,
    (
        '90d5d53c-d069-11e7-8fab-cec278b6b50a',
        'mdlmrc',
        '3'
    )
    ,
    (
        '90d5d53c-d069-11e7-8fab-cec278b6b50a',
        'btjkuuozpge',
        '707'
    )
    ,
    (
        '90d5d53c-d069-11e7-8fab-cec278b6b50a',
        'znhmzlnat',
        '37'
    )
    ,
    (
        '90d5d53c-d069-11e7-8fab-cec278b6b50a',
        'qwkbvwyjcnqi',
        '1'
    )
    ,
    (
        '90d5d53c-d069-11e7-8fab-cec278b6b50a',
        'lvawpbbuetcrto',
        '577'
    )
    ,
    (
        '90d5d53c-d069-11e7-8fab-cec278b6b50a',
        'ykgoqh',
        '40'
    )
    ,
    (
        '90d5d53c-d069-11e7-8fab-cec278b6b50a',
        'rddowgfixqfbblk',
        '3'
    )
    ,
    (
        '90d5d53c-d069-11e7-8fab-cec278b6b50a',
        'asoikvuswjhvl',
        '612'
    )
    ,
    (
        '90d5d53c-d069-11e7-8fab-cec278b6b50a',
        'bkgzizbkrmp',
        '1'
    )
    ,
    (
        '90d5d53c-d069-11e7-8fab-cec278b6b50a',
        'khbgdtniydmj',
        '63'
    )
    ,
    (
        '90d5d53c-d069-11e7-8fab-cec278b6b50a',
        'znklszfo',
        '5'
    )
    ,
    (
        '90d5d53c-d069-11e7-8fab-cec278b6b50a',
        'vnnkkbe',
        '926'
    )
    ,
    (
        '90d5d53c-d069-11e7-8fab-cec278b6b50a',
        'elmeboylnx',
        '863'
    )
    ,
    (
        '90d5d53c-d069-11e7-8fab-cec278b6b50a',
        'szwwm',
        '167'
    )
    ,
    (
        '90d5d53c-d069-11e7-8fab-cec278b6b50a',
        'fhyttmlicpz',
        '7'
    )
    ,
    (
        '90d5d53c-d069-11e7-8fab-cec278b6b50a',
        'fegpjelc',
        '23'
    )
    ,
    (
        '90d5d53c-d069-11e7-8fab-cec278b6b50a',
        'sokdgpoqhw',
        '7'
    )
    ,
    (
        '90d5d53c-d069-11e7-8fab-cec278b6b50a',
        'qzwfyorgq',
        '14'
    )
    ,
    (
        '90d5d53c-d069-11e7-8fab-cec278b6b50a',
        'dzmay',
        '415'
    )
    ,
    (
        '90d5d53c-d069-11e7-8fab-cec278b6b50a',
        'kcqzwpdxzuywvg',
        '5'
    )
    ,
    (
        '90d5d53c-d069-11e7-8fab-cec278b6b50a',
        'tvinhc',
        '173'
    )
    ,
    (
        '90d5d53c-d069-11e7-8fab-cec278b6b50a',
        'hlxqd',
        '19'
    )
    ,
    (
        '90d5d53c-d069-11e7-8fab-cec278b6b50a',
        'nzdbrjrrjzwl',
        '53'
    )
    ,
    (
        '90d5d53c-d069-11e7-8fab-cec278b6b50a',
        'lrethiltaraqux',
        '2'
    )
    ,
    (
        '90d5d53c-d069-11e7-8fab-cec278b6b50a',
        'rivkusozrt',
        '1'
    )
    ,
    (
        '90d5d53c-d069-11e7-8fab-cec278b6b50a',
        'azgqhfno',
        '156'
    )
    ,
    (
        '90d5d53c-d069-11e7-8fab-cec278b6b50a',
        'nbrelmwwyuu',
        '8'
    )
    ,
    (
        '90d5d53c-d069-11e7-8fab-cec278b6b50a',
        'dsauaajflpuvpa',
        '252'
    )
    ,
    (
        '90d5d53c-d069-11e7-8fab-cec278b6b50a',
        'hhrupahmek',
        '5'
    )
    ,
    (
        '90d5d53c-d069-11e7-8fab-cec278b6b50a',
        'nbbnkshvucghicm',
        '8'
    )
    ,
    (
        '90d5d53c-d069-11e7-8fab-cec278b6b50a',
        'fmljgk',
        '234'
    )
    ,
    (
        '90d5d53c-d069-11e7-8fab-cec278b6b50a',
        'qgjiub',
        '29'
    )
    ,
    (
        '90d5d53c-d069-11e7-8fab-cec278b6b50a',
        'mzogbmzz',
        '362'
    )
    ,
    (
        '90d5d53c-d069-11e7-8fab-cec278b6b50a',
        'twayhtpw',
        '97'
    )
    ,
    (
        '90d5d53c-d069-11e7-8fab-cec278b6b50a',
        'ymaluwt',
        '9'
    )
    ,
    (
        '90d5d53c-d069-11e7-8fab-cec278b6b50a',
        'pqwhkaz',
        '71'
    )
    ,
    (
        '90d5d53c-d069-11e7-8fab-cec278b6b50a',
        'opewnwvjpgubki',
        '532'
    )
    ,
    (
        '90d5d53c-d069-11e7-8fab-cec278b6b50a',
        'grkjrerdgwtbbi',
        '2'
    )
    ,
    (
        '90d5d53c-d069-11e7-8fab-cec278b6b50a',
        'fbsxvx',
        '995'
    )
    ,
    (
        '90d5d53c-d069-11e7-8fab-cec278b6b50a',
        'ehcchquhbxxpr',
        '23'
    )
    ,
    (
        '90d5d53c-d069-11e7-8fab-cec278b6b50a',
        'ddqob',
        '8'
    )
    ,
    (
        '90d5d53c-d069-11e7-8fab-cec278b6b50a',
        'atnvazfo',
        '8'
    )
    ,
    (
        '90d5d53c-d069-11e7-8fab-cec278b6b50a',
        'ioryqyzmmmdp',
        '681'
    )
    ,
    (
        '90d5d53c-d069-11e7-8fab-cec278b6b50a',
        'gadrmgmnldsf',
        '67'
    )
    ,
    (
        '90d5d53c-d069-11e7-8fab-cec278b6b50a',
        'orbleqnsnp',
        '349'
    )
    ,
    (
        '90d5d53c-d069-11e7-8fab-cec278b6b50a',
        'idewigpytjacqos',
        '3'
    )
    ,
    (
        '90d5d53c-d069-11e7-8fab-cec278b6b50a',
        'sbdvqfsbw',
        '906'
    )
    ,
    (
        '90d5d53c-d069-11e7-8fab-cec278b6b50a',
        'hfizjfoadhocwkk',
        '26'
    )
    ,
    (
        '90d5d53c-d069-11e7-8fab-cec278b6b50a',
        'jfncczjuhcgzikv',
        '8'
    )
    ,
    (
        '90d5d53c-d069-11e7-8fab-cec278b6b50a',
        'vjnaiojtwso',
        '681'
    )
    ,
    (
        '90d5d53c-d069-11e7-8fab-cec278b6b50a',
        'xvatcvgpfpbcy',
        '1'
    )
    ,
    (
        '90d5d53c-d069-11e7-8fab-cec278b6b50a',
        'cjgjurtufyzvmfm',
        '1'
    )
    ,
    (
        '90d5d53c-d069-11e7-8fab-cec278b6b50a',
        'wvjjfibqmbx',
        '86'
    )
    ,
    (
        '90d5d53c-d069-11e7-8fab-cec278b6b50a',
        'dmlpnlyww',
        '87'
    )
    ,
    (
        '90d5d53c-d069-11e7-8fab-cec278b6b50a',
        'ctopnoqwk',
        '395'
    )
    ,
    (
        '90d5d53c-d069-11e7-8fab-cec278b6b50a',
        'nthcbb',
        '4'
    )
    ,
    (
        '90d5d53c-d069-11e7-8fab-cec278b6b50a',
        'ejmeurtwj',
        '59'
    )
    ,
    (
        '90d5d53c-d069-11e7-8fab-cec278b6b50a',
        'tqoxghsnovivh',
        '943'
    )
    ,
    (
        '90d5d53c-d069-11e7-8fab-cec278b6b50a',
        'reroqv',
        '224'
    )
    ,
    (
        '90d5d53c-d069-11e7-8fab-cec278b6b50a',
        'fvuezfqhi',
        '474'
    )
    ,
    (
        '90d5d53c-d069-11e7-8fab-cec278b6b50a',
        'fhbnrzhwoehh',
        '19'
    )
    ,
    (
        '90d5d53c-d069-11e7-8fab-cec278b6b50a',
        'qusorstgmm',
        '78'
    )
    ,
    (
        '90d5d53c-d069-11e7-8fab-cec278b6b50a',
        'tkpjp',
        '4'
    )
    ,
    (
        '90d5d53c-d069-11e7-8fab-cec278b6b50a',
        'ylzhqvzjdkfqpx',
        '9'
    )
    ,
    (
        '90d5d53c-d069-11e7-8fab-cec278b6b50a',
        'bhehsl',
        '8'
    )
    ,
    (
        '90d5d53c-d069-11e7-8fab-cec278b6b50a',
        'wckwx',
        '47'
    )
    ,
    (
        '90d5d53c-d069-11e7-8fab-cec278b6b50a',
        'drwfjoeeacd',
        '79'
    )
    ,
    (
        '90d5d53c-d069-11e7-8fab-cec278b6b50a',
        'vuxsjkpmbule',
        '91'
    )
    ,
    (
        '90d5d53c-d069-11e7-8fab-cec278b6b50a',
        'aataaipetzvmzue',
        '9'
    )
    ,
    (
        '90d5d53c-d069-11e7-8fab-cec278b6b50a',
        'ndcdrdylcoo',
        '276'
    )
    ,
    (
        '90d5d53c-d069-11e7-8fab-cec278b6b50a',
        'xnvxpjrh',
        '597'
    )
    ,
    (
        '90d5d53c-d069-11e7-8fab-cec278b6b50a',
        'vkuobjaqpgg',
        '45'
    )
    ,
    (
        '90d5d53c-d069-11e7-8fab-cec278b6b50a',
        'kntvgdkdss',
        '881'
    )
    ,
    (
        '90d5d53c-d069-11e7-8fab-cec278b6b50a',
        'ymxfg',
        '50'
    )
    ,
    (
        '90d5d53c-d069-11e7-8fab-cec278b6b50a',
        'vwohco',
        '990'
    )
    ,
    (
        '90d5d53c-d069-11e7-8fab-cec278b6b50a',
        'nxgmuqswoexrgx',
        '82'
    )
    ,
    (
        '90d5d53c-d069-11e7-8fab-cec278b6b50a',
        'lwtssjbtuqv',
        '5'
    )
    ,
    (
        '90d5d53c-d069-11e7-8fab-cec278b6b50a',
        'lpcmezfqgaaczf',
        '469'
    )
    ,
    (
        '90d5d53c-d069-11e7-8fab-cec278b6b50a',
        'qgvbgqfkxxjm',
        '48'
    )
    ,
    (
        '90d5d53c-d069-11e7-8fab-cec278b6b50a',
        'xvuve',
        '996'
    )
    ,
    (
        '90d5d53c-d069-11e7-8fab-cec278b6b50a',
        'secglpkbkfutrz',
        '7'
    )
    ,
    (
        '90d5d53c-d069-11e7-8fab-cec278b6b50a',
        'gfdiniywfkwme',
        '57'
    )
    ,
    (
        '90d5d53c-d069-11e7-8fab-cec278b6b50a',
        'atponsyfxebiwnq',
        '218'
    )
    ,
    (
        '90d5d53c-d069-11e7-8fab-cec278b6b50a',
        'xpfsxukmpfudjn',
        '95'
    )
    ,
    (
        '90d5d53c-d069-11e7-8fab-cec278b6b50a',
        'xvkeoaqmbt',
        '6'
    )
    ,
    (
        '90d5d53c-d069-11e7-8fab-cec278b6b50a',
        'rbjvbl',
        '939'
    )
    ,
    (
        '90d5d53c-d069-11e7-8fab-cec278b6b50a',
        'nfgfyn',
        '7'
    )
    ,
    (
        '90d5d53c-d069-11e7-8fab-cec278b6b50a',
        'pefvjtjt',
        '62'
    )
    ,
    (
        '90d5d53c-d069-11e7-8fab-cec278b6b50a',
        'mrnohkfkqar',
        '2'
    )
    ,
    (
        '90d5d53c-d069-11e7-8fab-cec278b6b50a',
        'ravix',
        '270'
    )
    ,
    (
        '90d5d53c-d069-11e7-8fab-cec278b6b50a',
        'nfxww',
        '3'
    )
    ,
    (
        '90d5d53c-d069-11e7-8fab-cec278b6b50a',
        'qvsioufrwoefbd',
        '38'
    )
    ,
    (
        '90d5d53c-d069-11e7-8fab-cec278b6b50a',
        'pfezuwsgucgx',
        '89'
    )
    ,
    (
        '90d5d53c-d069-11e7-8fab-cec278b6b50a',
        'mafnafvqeic',
        '81'
    )
    ,
    (
        '90d5d53c-d069-11e7-8fab-cec278b6b50a',
        'fsxiercmpq',
        '466'
    )
    ,
    (
        '90d5d53c-d069-11e7-8fab-cec278b6b50a',
        'vziyxvji',
        '2'
    )
    ,
    (
        '90d5d53c-d069-11e7-8fab-cec278b6b50a',
        'xwabvnpgvsd',
        '275'
    )
    ,
    (
        '90d5d53c-d069-11e7-8fab-cec278b6b50a',
        'mxvwd',
        '854'
    )
    ,
    (
        '90d5d53c-d069-11e7-8fab-cec278b6b50a',
        'iakpxpuvli',
        '61'
    )
    ,
    (
        '90d5d53c-d069-11e7-8fab-cec278b6b50a',
        'ekfep',
        '6'
    )
    ,
    (
        '90d5d53c-d069-11e7-8fab-cec278b6b50a',
        'jgvkxdrmvhtz',
        '316'
    )
    ,
    (
        '90d5d53c-d069-11e7-8fab-cec278b6b50a',
        'bacvc',
        '65'
    )
    ,
    (
        '90d5d53c-d069-11e7-8fab-cec278b6b50a',
        'xrtgbsczrfp',
        '161'
    )
    ,
    (
        '90d5d53c-d069-11e7-8fab-cec278b6b50a',
        'bxwxpxlnr',
        '3'
    )
    ,
    (
        '90d5d53c-d069-11e7-8fab-cec278b6b50a',
        'yotvthdjg',
        '454'
    )
    ,
    (
        '90d5d53c-d069-11e7-8fab-cec278b6b50a',
        'rriik',
        '915'
    )
    ,
    (
        '90d5d53c-d069-11e7-8fab-cec278b6b50a',
        'gzirwwsvmvmxu',
        '62'
    )
    ,
    (
        '90d5d53c-d069-11e7-8fab-cec278b6b50a',
        'klddurzngypabxi',
        '9'
    )
    ,
    (
        '90d5d53c-d069-11e7-8fab-cec278b6b50a',
        'fldcsfljkefmkad',
        '622'
    )
    ,
    (
        '90d5d53c-d069-11e7-8fab-cec278b6b50a',
        'cettissawhdp',
        '24'
    )
    ,
    (
        '90d5d53c-d069-11e7-8fab-cec278b6b50a',
        'bxijovuyjxkr',
        '3'
    )
    ,
    (
        '90d5d53c-d069-11e7-8fab-cec278b6b50a',
        'lvxuumrcxurp',
        '63'
    )
    ,
    (
        '90d5d53c-d069-11e7-8fab-cec278b6b50a',
        'wiqvnh',
        '393'
    )
    ,
    (
        '90d5d53c-d069-11e7-8fab-cec278b6b50a',
        'hcqduipymyzg',
        '42'
    )
    ,
    (
        '90d5d53c-d069-11e7-8fab-cec278b6b50a',
        'quldbvucrzhybub',
        '2'
    )
    ,
    (
        '90d5d53c-d069-11e7-8fab-cec278b6b50a',
        'vdfaf',
        '55'
    )
    ,
    (
        '90d5d53c-d069-11e7-8fab-cec278b6b50a',
        'biusesvdangvr',
        '640'
    )
    ,
    (
        '90d5d53c-d069-11e7-8fab-cec278b6b50a',
        'juixcsgofyge',
        '90'
    )
    ,
    (
        '90d5d53c-d069-11e7-8fab-cec278b6b50a',
        'oicvdwynmkecgzm',
        '68'
    )
    ,
    (
        '90d5d53c-d069-11e7-8fab-cec278b6b50a',
        'lcyigrkamskox',
        '32'
    )
    ,
    (
        '90d5d53c-d069-11e7-8fab-cec278b6b50a',
        'cjpqa',
        '37'
    )
    ,
    (
        '90d5d53c-d069-11e7-8fab-cec278b6b50a',
        'rdlwbqqzatmcg',
        '479'
    )
    ,
    (
        '90d5d53c-d069-11e7-8fab-cec278b6b50a',
        'dhcja',
        '52'
    )
    ,
    (
        '90d5d53c-d069-11e7-8fab-cec278b6b50a',
        'eplknjjcejqjqd',
        '44'
    )
    ,
    (
        '90d5d53c-d069-11e7-8fab-cec278b6b50a',
        'xsprsrqzaaficir',
        '2'
    )
    ,
    (
        '90d5d53c-d069-11e7-8fab-cec278b6b50a',
        'jiaraoumn',
        '173'
    )
    ,
    (
        '90d5d53c-d069-11e7-8fab-cec278b6b50a',
        'jblohnnkumxc',
        '5'
    )
    ,
    (
        '90d5d53c-d069-11e7-8fab-cec278b6b50a',
        'ybgcaof',
        '37'
    )
    ,
    (
        '90d5d53c-d069-11e7-8fab-cec278b6b50a',
        'ubtppdpdfesdpfx',
        '75'
    )
    ,
    (
        '90d5d53c-d069-11e7-8fab-cec278b6b50a',
        'wwezyvdlncxn',
        '404'
    )
    ,
    (
        '90d5d53c-d069-11e7-8fab-cec278b6b50a',
        'fdpuhwj',
        '436'
    )
    ,
    (
        '90d5d53c-d069-11e7-8fab-cec278b6b50a',
        'lacjshnzj',
        '99'
    )
    ,
    (
        '90d5d53c-d069-11e7-8fab-cec278b6b50a',
        'ehmjpxccrkx',
        '5'
    )
    ,
    (
        '90d5d53c-d069-11e7-8fab-cec278b6b50a',
        'oqfubss',
        '628'
    )
    ,
    (
        '90d5d53c-d069-11e7-8fab-cec278b6b50a',
        'hsmvsfuaoziwljb',
        '425'
    )
    ,
    (
        '90d5d53c-d069-11e7-8fab-cec278b6b50a',
        'gknozploqljaf',
        '322'
    )
    ,
    (
        '90d5d53c-d069-11e7-8fab-cec278b6b50a',
        'nzkiazvimpzel',
        '310'
    )
    ,
    (
        '90d5d53c-d069-11e7-8fab-cec278b6b50a',
        'kqumywaxa',
        '6'
    )
    ,
    (
        '90d5d53c-d069-11e7-8fab-cec278b6b50a',
        'dmmfdqav',
        '720'
    )
    ,
    (
        '90d5d53c-d069-11e7-8fab-cec278b6b50a',
        'mgxczqmu',
        '8'
    )
    ,
    (
        '90d5d53c-d069-11e7-8fab-cec278b6b50a',
        'brydrbq',
        '368'
    )
    ,
    (
        '90d5d53c-d069-11e7-8fab-cec278b6b50a',
        'hwxvtvwrm',
        '3'
    )
    ,
    (
        '90d5d53c-d069-11e7-8fab-cec278b6b50a',
        'dcorgz',
        '5'
    )
    ,
    (
        '90d5d53c-d069-11e7-8fab-cec278b6b50a',
        'wgptqoe',
        '312'
    )
    ,
    (
        '90d5d53c-d069-11e7-8fab-cec278b6b50a',
        'yirypkwegvxlexa',
        '177'
    )
    ,
    (
        '90d5d53c-d069-11e7-8fab-cec278b6b50a',
        'efzrf',
        '81'
    )
    ,
    (
        '90d5d53c-d069-11e7-8fab-cec278b6b50a',
        'joneetjocht',
        '532'
    )
    ,
    (
        '90d5d53c-d069-11e7-8fab-cec278b6b50a',
        'glfrwrixv',
        '104'
    )
    ,
    (
        '90d5d53c-d069-11e7-8fab-cec278b6b50a',
        'htmzazkcf',
        '782'
    )
    ,
    (
        '90d5d53c-d069-11e7-8fab-cec278b6b50a',
        'jprttc',
        '25'
    )
    ,
    (
        '90d5d53c-d069-11e7-8fab-cec278b6b50a',
        'nznjozs',
        '6'
    )
    ,
    (
        '90d5d53c-d069-11e7-8fab-cec278b6b50a',
        'wtabtezqtefcurr',
        '59'
    )
    ,
    (
        '90d5d53c-d069-11e7-8fab-cec278b6b50a',
        'mslyuktyxki',
        '40'
    )
    ,
    (
        '90d5d53c-d069-11e7-8fab-cec278b6b50a',
        'aeoadgplhuveyy',
        '6'
    )
    ,
    (
        '90d5d53c-d069-11e7-8fab-cec278b6b50a',
        'fgxsmg',
        '25'
    )
    ,
    (
        '90d5d53c-d069-11e7-8fab-cec278b6b50a',
        'jfgmvxjxfcaeh',
        '4'
    )
    ,
    (
        '90d5d53c-d069-11e7-8fab-cec278b6b50a',
        'ozxyfpvebh',
        '1'
    )
    ,
    (
        '90d5d53c-d069-11e7-8fab-cec278b6b50a',
        'quvicwztg',
        '214'
    )
    ,
    (
        '90d5d53c-d069-11e7-8fab-cec278b6b50a',
        'otzytwaaqnkjfye',
        '57'
    )
    ,
    (
        '90d5d53c-d069-11e7-8fab-cec278b6b50a',
        'vcyvdzctgvavgm',
        '438'
    )
    ,
    (
        '90d5d53c-d069-11e7-8fab-cec278b6b50a',
        'cchffmeggdqroq',
        '11'
    )
    ,
    (
        '90d5d53c-d069-11e7-8fab-cec278b6b50a',
        'pqkxadwovsdkpr',
        '97'
    )
    ,
    (
        '90d5d53c-d069-11e7-8fab-cec278b6b50a',
        'sseohwsajkswi',
        '33'
    )
    ,
    (
        '90d5d53c-d069-11e7-8fab-cec278b6b50a',
        'oqwmkdcjqtzjq',
        '304'
    )
    ,
    (
        '90d5d53c-d069-11e7-8fab-cec278b6b50a',
        'mnzffmui',
        '1'
    )
    ,
    (
        '90d5d53c-d069-11e7-8fab-cec278b6b50a',
        'sbjdxwctjwjmt',
        '3'
    )
    ,
    (
        '90d5d53c-d069-11e7-8fab-cec278b6b50a',
        'ivxovtmkybjys',
        '2'
    )
    ,
    (
        '90d5d53c-d069-11e7-8fab-cec278b6b50a',
        'dxcxmtmdmcuawul',
        '81'
    )
    ,
    (
        '90d5d53c-d069-11e7-8fab-cec278b6b50a',
        'xrokr',
        '2'
    )
    ,
    (
        '90d5d53c-d069-11e7-8fab-cec278b6b50a',
        'fvzhgcctsetq',
        '9'
    )
    ,
    (
        '90d5d53c-d069-11e7-8fab-cec278b6b50a',
        'loshznhifzq',
        '43'
    )
    ,
    (
        '90d5d53c-d069-11e7-8fab-cec278b6b50a',
        'qdncftmicrq',
        '44'
    )
    ,
    (
        '90d5d53c-d069-11e7-8fab-cec278b6b50a',
        'recvdjepwvz',
        '87'
    )
    ,
    (
        '90d5d53c-d069-11e7-8fab-cec278b6b50a',
        'tdbiwawfadkmw',
        '3'
    )
    ,
    (
        '90d5d53c-d069-11e7-8fab-cec278b6b50a',
        'oqhotdqcz',
        '9'
    )
    ,
    (
        '90d5d53c-d069-11e7-8fab-cec278b6b50a',
        'ixrgu',
        '828'
    )
    ,
    (
        '90d5d53c-d069-11e7-8fab-cec278b6b50a',
        'lgbefat',
        '7'
    )
    ,
    (
        '90d5d53c-d069-11e7-8fab-cec278b6b50a',
        'wfqoujouah',
        '63'
    )
    ,
    (
        '90d5d53c-d069-11e7-8fab-cec278b6b50a',
        'wtkmezuwjqlxjgn',
        '972'
    )
    ,
    (
        '90d5d53c-d069-11e7-8fab-cec278b6b50a',
        'eahtjmikace',
        '89'
    )
    ,
    (
        '90d5d53c-d069-11e7-8fab-cec278b6b50a',
        'oddflwvw',
        '384'
    )
    ,
    (
        '90d5d53c-d069-11e7-8fab-cec278b6b50a',
        'rucojrmtpqz',
        '41'
    )
    ,
    (
        '90d5d53c-d069-11e7-8fab-cec278b6b50a',
        'kualv',
        '6'
    )
    ,
    (
        '90d5d53c-d069-11e7-8fab-cec278b6b50a',
        'malsxajvuwn',
        '4'
    )
    ,
    (
        '90d5d53c-d069-11e7-8fab-cec278b6b50a',
        'mzeny',
        '95'
    )
    ,
    (
        '90d5d53c-d069-11e7-8fab-cec278b6b50a',
        'vtycf',
        '879'
    )
    ,
    (
        '90d5d53c-d069-11e7-8fab-cec278b6b50a',
        'odveqgurjbn',
        '9'
    )
    ,
    (
        '90d5d53c-d069-11e7-8fab-cec278b6b50a',
        'jhnmvnfklor',
        '308'
    )
    ,
    (
        '90d5d53c-d069-11e7-8fab-cec278b6b50a',
        'arhlvry',
        '204'
    )
    ,
    (
        '90d5d53c-d069-11e7-8fab-cec278b6b50a',
        'ewucycgfy',
        '780'
    )
    ,
    (
        '90d5d53c-d069-11e7-8fab-cec278b6b50a',
        'iitgieqijrgbzq',
        '8'
    )
    ,
    (
        '90d5d53c-d069-11e7-8fab-cec278b6b50a',
        'dgbcqduvwsijm',
        '300'
    )
    ,
    (
        '90d5d53c-d069-11e7-8fab-cec278b6b50a',
        'ynjitzjtmn',
        '9'
    )
    ,
    (
        '90d5d53c-d069-11e7-8fab-cec278b6b50a',
        'mvobrlln',
        '7'
    )
    ,
    (
        '90d5d53c-d069-11e7-8fab-cec278b6b50a',
        'atdlsykth',
        '3'
    )
    ,
    (
        '90d5d53c-d069-11e7-8fab-cec278b6b50a',
        'kjibv',
        '43'
    )
    ,
    (
        '90d5d53c-d069-11e7-8fab-cec278b6b50a',
        'cygluckfzhm',
        '72'
    )
    ,
    (
        '90d5d53c-d069-11e7-8fab-cec278b6b50a',
        'iraxqxbbst',
        '962'
    )
    ,
    (
        '90d5d53c-d069-11e7-8fab-cec278b6b50a',
        'gycuuacmzeuywvf',
        '44'
    )
    ,
    (
        '90d5d53c-d069-11e7-8fab-cec278b6b50a',
        'htqusmb',
        '9'
    )
    ,
    (
        '90d5d53c-d069-11e7-8fab-cec278b6b50a',
        'wotkvntrhvshvxg',
        '60'
    )
    ,
    (
        '90d5d53c-d069-11e7-8fab-cec278b6b50a',
        'lkfcaflmbhoh',
        '1'
    )
    ,
    (
        '90d5d53c-d069-11e7-8fab-cec278b6b50a',
        'bnzfqbeokd',
        '94'
    )
    ,
    (
        '90d5d53c-d069-11e7-8fab-cec278b6b50a',
        'tcjdsudyrv',
        '678'
    )
    ,
    (
        '90d5d53c-d069-11e7-8fab-cec278b6b50a',
        'sygnpxhtmnf',
        '1'
    )
    ,
    (
        '90d5d53c-d069-11e7-8fab-cec278b6b50a',
        'ziwdrximzxmbc',
        '530'
    )
    ,
    (
        '90d5d53c-d069-11e7-8fab-cec278b6b50a',
        'oubqk',
        '163'
    )
    ,
    (
        '90d5d53c-d069-11e7-8fab-cec278b6b50a',
        'xkqogzuodzs',
        '32'
    )
    ,
    (
        '90d5d53c-d069-11e7-8fab-cec278b6b50a',
        'rwyzlvjkkwin',
        '7'
    )
    ,
    (
        '90d5d53c-d069-11e7-8fab-cec278b6b50a',
        'vpdhvh',
        '6'
    )
    ,
    (
        '90d5d53c-d069-11e7-8fab-cec278b6b50a',
        'tymqa',
        '16'
    )
    ,
    (
        '90d5d53c-d069-11e7-8fab-cec278b6b50a',
        'tvsfeviba',
        '73'
    )
    ,
    (
        '90d5d53c-d069-11e7-8fab-cec278b6b50a',
        'ueoibisz',
        '2'
    )
    ,
    (
        '90d5d53c-d069-11e7-8fab-cec278b6b50a',
        'tpoodvo',
        '32'
    )
    ,
    (
        '90d5d53c-d069-11e7-8fab-cec278b6b50a',
        'hipuwktjest',
        '939'
    )
    ,
    (
        '90d5d53c-d069-11e7-8fab-cec278b6b50a',
        'gwveeega',
        '53'
    )
    ,
    (
        '90d5d53c-d069-11e7-8fab-cec278b6b50a',
        'dxvwhs',
        '43'
    )
    ,
    (
        '90d5d53c-d069-11e7-8fab-cec278b6b50a',
        'pjmrbd',
        '13'
    )
    ,
    (
        '90d5d53c-d069-11e7-8fab-cec278b6b50a',
        'epbtdume',
        '632'
    )
    ,
    (
        '90d5d53c-d069-11e7-8fab-cec278b6b50a',
        'nskrivrloowrz',
        '22'
    )
    ,
    (
        '90d5d53c-d069-11e7-8fab-cec278b6b50a',
        'nnczamli',
        '84'
    )
    ,
    (
        '90d5d53c-d069-11e7-8fab-cec278b6b50a',
        'qiinve',
        '802'
    )
    ,
    (
        '90d5d53c-d069-11e7-8fab-cec278b6b50a',
        'nurynlbezxth',
        '1'
    )
    ,
    (
        '90d5d53c-d069-11e7-8fab-cec278b6b50a',
        'gadllklcllgvecg',
        '72'
    )
    ,
    (
        '90d5d53c-d069-11e7-8fab-cec278b6b50a',
        'azsevpndrxepzwh',
        '13'
    )
    ,
    (
        '90d5d53c-d069-11e7-8fab-cec278b6b50a',
        'rvjxcjn',
        '1'
    )
    ,
    (
        '90d5d53c-d069-11e7-8fab-cec278b6b50a',
        'cciqapoqlkb',
        '22'
    )
    ,
    (
        '90d5d53c-d069-11e7-8fab-cec278b6b50a',
        'seeppeiiwbkavs',
        '612'
    )
    ,
    (
        '90d5d53c-d069-11e7-8fab-cec278b6b50a',
        'vbzyfqxzh',
        '43'
    )
    ,
    (
        '90d5d53c-d069-11e7-8fab-cec278b6b50a',
        'humvkhno',
        '45'
    )
    ,
    (
        '90d5d53c-d069-11e7-8fab-cec278b6b50a',
        'njfxigsbthsa',
        '352'
    )
    ,
    (
        '90d5d53c-d069-11e7-8fab-cec278b6b50a',
        'ipxotouqavpvtz',
        '2'
    )
    ,
    (
        '90d5d53c-d069-11e7-8fab-cec278b6b50a',
        'bpzwqczwdywyr',
        '4'
    )
    ,
    (
        '90d5d53c-d069-11e7-8fab-cec278b6b50a',
        'wkscotimg',
        '70'
    )
    ,
    (
        '90d5d53c-d069-11e7-8fab-cec278b6b50a',
        'urleh',
        '40'
    )
    ,
    (
        '90d5d53c-d069-11e7-8fab-cec278b6b50a',
        'eugblpcza',
        '97'
    )
    ,
    (
        '90d5d53c-d069-11e7-8fab-cec278b6b50a',
        'cibiocdhor',
        '56'
    )
    ,
    (
        '90d5d53c-d069-11e7-8fab-cec278b6b50a',
        'mrmftraioqrczlz',
        '85'
    )
    ,
    (
        '90d5d53c-d069-11e7-8fab-cec278b6b50a',
        'wesldqqkhgtl',
        '499'
    )
    ,
    (
        '90d5d53c-d069-11e7-8fab-cec278b6b50a',
        'qnfowvjxbbn',
        '963'
    )
    ,
    (
        '90d5d53c-d069-11e7-8fab-cec278b6b50a',
        'ynetjkbrxabpa',
        '43'
    )
    ,
    (
        '90d5d53c-d069-11e7-8fab-cec278b6b50a',
        'bmstsmtlqdeln',
        '2'
    )
    ,
    (
        '90d5d53c-d069-11e7-8fab-cec278b6b50a',
        'ityqnpifbjxe',
        '1'
    )
    ,
    (
        '90d5d53c-d069-11e7-8fab-cec278b6b50a',
        'vnobpzcqd',
        '334'
    )
    ,
    (
        '90d5d53c-d069-11e7-8fab-cec278b6b50a',
        'qbczaliefyoqghd',
        '97'
    )
    ,
    (
        '90d5d53c-d069-11e7-8fab-cec278b6b50a',
        'lvsnkwjuljnw',
        '4'
    )
    ,
    (
        '90d5d53c-d069-11e7-8fab-cec278b6b50a',
        'pluseeezvru',
        '685'
    )
    ,
    (
        '90d5d53c-d069-11e7-8fab-cec278b6b50a',
        'djqljoam',
        '33'
    )
    ,
    (
        '90d5d53c-d069-11e7-8fab-cec278b6b50a',
        'djakuscnvdonqt',
        '526'
    )
    ,
    (
        '90d5d53c-d069-11e7-8fab-cec278b6b50a',
        'ttedvaywipl',
        '3'
    )
    ,
    (
        '90d5d53c-d069-11e7-8fab-cec278b6b50a',
        'bntbobgfpe',
        '359'
    )
    ,
    (
        '90d5d53c-d069-11e7-8fab-cec278b6b50a',
        'hsaacqrsrwmkc',
        '2'
    )
    ,
    (
        '90d5d53c-d069-11e7-8fab-cec278b6b50a',
        'ukelahiuozsvv',
        '57'
    )
    ,
    (
        '90d5d53c-d069-11e7-8fab-cec278b6b50a',
        'wvomecqtiwvsdc',
        '383'
    )
    ,
    (
        '90d5d53c-d069-11e7-8fab-cec278b6b50a',
        'bubjrqriw',
        '11'
    )
    ,
    (
        '90d5d53c-d069-11e7-8fab-cec278b6b50a',
        'tyawzyn',
        '78'
    )
    ,
    (
        '90d5d53c-d069-11e7-8fab-cec278b6b50a',
        'cujmcgtpndvncf',
        '227'
    )
    ,
    (
        '90d5d53c-d069-11e7-8fab-cec278b6b50a',
        'nluxwenv',
        '2'
    )
    ,
    (
        '90d5d53c-d069-11e7-8fab-cec278b6b50a',
        'nlrqkcydwayjx',
        '4'
    )
    ,
    (
        '90d5d53c-d069-11e7-8fab-cec278b6b50a',
        'peshexote',
        '21'
    )
    ,
    (
        '90d5d53c-d069-11e7-8fab-cec278b6b50a',
        'ibzvzxmkwdb',
        '792'
    )
    ,
    (
        '90d5d53c-d069-11e7-8fab-cec278b6b50a',
        'ianazbirawi',
        '699'
    )
    ,
    (
        '90d5d53c-d069-11e7-8fab-cec278b6b50a',
        'crxbgy',
        '220'
    )
    ,
    (
        '90d5d53c-d069-11e7-8fab-cec278b6b50a',
        'jyztb',
        '2'
    )
    ,
    (
        '90d5d53c-d069-11e7-8fab-cec278b6b50a',
        'fcmtypcaw',
        '3'
    )
    ,
    (
        '90d5d53c-d069-11e7-8fab-cec278b6b50a',
        'oajbpxnkwaq',
        '246'
    )
    ,
    (
        '90d5d53c-d069-11e7-8fab-cec278b6b50a',
        'gpkvvn',
        '22'
    )
    ,
    (
        '90d5d53c-d069-11e7-8fab-cec278b6b50a',
        'egqmgfmdway',
        '380'
    )
    ,
    (
        '90d5d53c-d069-11e7-8fab-cec278b6b50a',
        'sxvnywwpcbl',
        '3'
    )
    ,
    (
        '90d5d53c-d069-11e7-8fab-cec278b6b50a',
        'wbjrvqtdimyvjed',
        '27'
    )
    ,
    (
        '90d5d53c-d069-11e7-8fab-cec278b6b50a',
        'ropwn',
        '15'
    )
    ,
    (
        '90d5d53c-d069-11e7-8fab-cec278b6b50a',
        'qhswrb',
        '701'
    )
    ,
    (
        '90d5d53c-d069-11e7-8fab-cec278b6b50a',
        'ojtbvcyvhuz',
        '983'
    )
    ,
    (
        '90d5d53c-d069-11e7-8fab-cec278b6b50a',
        'wbaquvwdt',
        '9'
    )
    ,
    (
        '90d5d53c-d069-11e7-8fab-cec278b6b50a',
        'krkokau',
        '98'
    )
    ,
    (
        '90d5d53c-d069-11e7-8fab-cec278b6b50a',
        'aqlit',
        '36'
    )
    ,
    (
        '90d5d53c-d069-11e7-8fab-cec278b6b50a',
        'vfefhlnvynrmooj',
        '2'
    )
    ,
    (
        '90d5d53c-d069-11e7-8fab-cec278b6b50a',
        'rjdzqjh',
        '1'
    )
    ,
    (
        '90d5d53c-d069-11e7-8fab-cec278b6b50a',
        'srpqayyrtftsd',
        '7'
    )
    ,
    (
        '90d5d53c-d069-11e7-8fab-cec278b6b50a',
        'xsudxhbupuumfb',
        '4'
    )
    ,
    (
        '90d5d53c-d069-11e7-8fab-cec278b6b50a',
        'adxuvazlbasdimf',
        '7'
    )
    ,
    (
        '90d5d53c-d069-11e7-8fab-cec278b6b50a',
        'rvjitljuzmsjr',
        '5'
    )
    ,
    (
        '90d5d53c-d069-11e7-8fab-cec278b6b50a',
        'voxdyr',
        '227'
    )
    ,
    (
        '90d5d53c-d069-11e7-8fab-cec278b6b50a',
        'taedciibfgskyjk',
        '114'
    )
    ,
    (
        '90d5d53c-d069-11e7-8fab-cec278b6b50a',
        'yjnwiwtfuszv',
        '7'
    )
    ,
    (
        '90d5d53c-d069-11e7-8fab-cec278b6b50a',
        'yuaxkaatilmy',
        '99'
    )
    ,
    (
        '90d5d53c-d069-11e7-8fab-cec278b6b50a',
        'aiswhcbzscdmz',
        '128'
    )
    ,
    (
        '90d5d53c-d069-11e7-8fab-cec278b6b50a',
        'luapqgskh',
        '98'
    )
    ,
    (
        '90d5d53c-d069-11e7-8fab-cec278b6b50a',
        'bqrsoeglfwamo',
        '628'
    )
    ,
    (
        '90d5d53c-d069-11e7-8fab-cec278b6b50a',
        'lsmxvohhenieteq',
        '600'
    )
    ,
    (
        '90d5d53c-d069-11e7-8fab-cec278b6b50a',
        'bsrjeg',
        '815'
    )
    ,
    (
        '90d5d53c-d069-11e7-8fab-cec278b6b50a',
        'xpypsxvmrhg',
        '6'
    )
    ,
    (
        '90d5d53c-d069-11e7-8fab-cec278b6b50a',
        'psyjhe',
        '63'
    )
    ,
    (
        '90d5d53c-d069-11e7-8fab-cec278b6b50a',
        'miwye',
        '863'
    )
    ,
    (
        '90d5d53c-d069-11e7-8fab-cec278b6b50a',
        'jiumyybhlclili',
        '8'
    )
    ,
    (
        '90d5d53c-d069-11e7-8fab-cec278b6b50a',
        'fabwr',
        '607'
    )
    ,
    (
        '90d5d53c-d069-11e7-8fab-cec278b6b50a',
        'swzxsepbigqrdyg',
        '302'
    )
    ,
    (
        '90d5d53c-d069-11e7-8fab-cec278b6b50a',
        'baizbqyomerxg',
        '5'
    )
    ,
    (
        '90d5d53c-d069-11e7-8fab-cec278b6b50a',
        'wejzuciuwze',
        '2'
    )
    ,
    (
        '90d5d53c-d069-11e7-8fab-cec278b6b50a',
        'ozyjljoswo',
        '552'
    )
    ,
    (
        '90d5d53c-d069-11e7-8fab-cec278b6b50a',
        'hmzrfqtztuni',
        '28'
    )
    ,
    (
        '90d5d53c-d069-11e7-8fab-cec278b6b50a',
        'ivygv',
        '523'
    )
    ,
    (
        '90d5d53c-d069-11e7-8fab-cec278b6b50a',
        'qycvkhveq',
        '291'
    )
    ,
    (
        '90d5d53c-d069-11e7-8fab-cec278b6b50a',
        'uvsvhokbakpe',
        '677'
    )
    ,
    (
        '90d5d53c-d069-11e7-8fab-cec278b6b50a',
        'cpdvqn',
        '338'
    )
    ,
    (
        '90d5d53c-d069-11e7-8fab-cec278b6b50a',
        'xtcsqxkhw',
        '1'
    )
    ,
    (
        '90d5d53c-d069-11e7-8fab-cec278b6b50a',
        'yxgglxzlxv',
        '4'
    )
    ,
    (
        '90d5d53c-d069-11e7-8fab-cec278b6b50a',
        'yxcvrmlhgcq',
        '41'
    )
    ,
    (
        '90d5d53c-d069-11e7-8fab-cec278b6b50a',
        'ooxog',
        '642'
    )
    ,
    (
        '90d5d53c-d069-11e7-8fab-cec278b6b50a',
        'ubhwzrfw',
        '29'
    )
    ,
    (
        '90d5d53c-d069-11e7-8fab-cec278b6b50a',
        'gwjyg',
        '181'
    )
    ,
    (
        '90d5d53c-d069-11e7-8fab-cec278b6b50a',
        'uusaipvw',
        '740'
    )
    ,
    (
        '90d5d53c-d069-11e7-8fab-cec278b6b50a',
        'ocbnmzjted',
        '15'
    )
    ,
    (
        '90d5d53c-d069-11e7-8fab-cec278b6b50a',
        'gptpxi',
        '1'
    )
    ,
    (
        '90d5d53c-d069-11e7-8fab-cec278b6b50a',
        'ypkecojkfgsok',
        '699'
    )
    ,
    (
        '90d5d53c-d069-11e7-8fab-cec278b6b50a',
        'cwmcrpeycrtj',
        '720'
    )
    ,
    (
        '90d5d53c-d069-11e7-8fab-cec278b6b50a',
        'csmhxh',
        '2'
    )
    ,
    (
        '90d5d53c-d069-11e7-8fab-cec278b6b50a',
        'nkhgoigjiongz',
        '746'
    )
    ,
    (
        '90d5d53c-d069-11e7-8fab-cec278b6b50a',
        'plkotdq',
        '375'
    )
    ,
    (
        '90d5d53c-d069-11e7-8fab-cec278b6b50a',
        'tqikbtboybvcry',
        '507'
    )
    ,
    (
        '90d5d53c-d069-11e7-8fab-cec278b6b50a',
        'tslffacqiwisx',
        '1'
    )
    ,
    (
        '90d5d53c-d069-11e7-8fab-cec278b6b50a',
        'uxzxfxcltybnk',
        '11'
    )
    ,
    (
        '90d5d53c-d069-11e7-8fab-cec278b6b50a',
        'xoapwdwpsjg',
        '9'
    )
    ,
    (
        '90d5d53c-d069-11e7-8fab-cec278b6b50a',
        'wobgj',
        '4'
    )
    ,
    (
        '90d5d53c-d069-11e7-8fab-cec278b6b50a',
        'kqfmbobzdn',
        '28'
    )
    ,
    (
        '90d5d53c-d069-11e7-8fab-cec278b6b50a',
        'bygebngoryon',
        '523'
    )
    ,
    (
        '90d5d53c-d069-11e7-8fab-cec278b6b50a',
        'fmcbgaikten',
        '88'
    )
    ,
    (
        '90d5d53c-d069-11e7-8fab-cec278b6b50a',
        'wsenzgnugojxfet',
        '840'
    )
    ,
    (
        '90d5d53c-d069-11e7-8fab-cec278b6b50a',
        'dfpdrb',
        '15'
    )
    ,
    (
        '90d5d53c-d069-11e7-8fab-cec278b6b50a',
        'jbiskaafjlkmd',
        '607'
    )
    ,
    (
        '90d5d53c-d069-11e7-8fab-cec278b6b50a',
        'veewrcppwwvhl',
        '76'
    )
    ,
    (
        '90d5d53c-d069-11e7-8fab-cec278b6b50a',
        'wfzrnmteg',
        '2'
    )
    ,
    (
        '90d5d53c-d069-11e7-8fab-cec278b6b50a',
        'uycghbwwceyj',
        '94'
    )
    ,
    (
        '90d5d53c-d069-11e7-8fab-cec278b6b50a',
        'dmtigoqmzuertyt',
        '62'
    )
    ,
    (
        '90d5d53c-d069-11e7-8fab-cec278b6b50a',
        'wzdfzluwzn',
        '741'
    )
    ,
    (
        '90d5d53c-d069-11e7-8fab-cec278b6b50a',
        'swgvxxz',
        '830'
    )
    ,
    (
        '90d5d53c-d069-11e7-8fab-cec278b6b50a',
        'ggcjoaxsks',
        '803'
    )
    ,
    (
        '90d5d53c-d069-11e7-8fab-cec278b6b50a',
        'mttknotextesph',
        '835'
    )
    ,
    (
        '90d5d53c-d069-11e7-8fab-cec278b6b50a',
        'yimragjsjypc',
        '92'
    )
    ,
    (
        '90d5d53c-d069-11e7-8fab-cec278b6b50a',
        'toift',
        '5'
    )
    ,
    (
        '90d5d53c-d069-11e7-8fab-cec278b6b50a',
        'zfdfbxmist',
        '68'
    )
    ,
    (
        '90d5d53c-d069-11e7-8fab-cec278b6b50a',
        'eyqyrlt',
        '582'
    )
    ,
    (
        '90d5d53c-d069-11e7-8fab-cec278b6b50a',
        'qghbiahhudj',
        '5'
    )
    ,
    (
        '90d5d53c-d069-11e7-8fab-cec278b6b50a',
        'qbwgkpoc',
        '2'
    )
    ,
    (
        '90d5d53c-d069-11e7-8fab-cec278b6b50a',
        'qjekjgmpzgfme',
        '6'
    )
    ,
    (
        '90d5d53c-d069-11e7-8fab-cec278b6b50a',
        'dvtvkupynaordu',
        '206'
    )
    ,
    (
        '90d5d53c-d069-11e7-8fab-cec278b6b50a',
        'lzcbn',
        '8'
    )
    ,
    (
        '90d5d53c-d069-11e7-8fab-cec278b6b50a',
        'vescj',
        '4'
    )
    ,
    (
        '90d5d53c-d069-11e7-8fab-cec278b6b50a',
        'wspsbokbe',
        '2'
    )
    ,
    (
        '90d5d53c-d069-11e7-8fab-cec278b6b50a',
        'jaine',
        '7'
    )
    ,
    (
        '90d5d53c-d069-11e7-8fab-cec278b6b50a',
        'jhdbwvzkvlen',
        '1'
    )
    ,
    (
        '90d5d53c-d069-11e7-8fab-cec278b6b50a',
        'azllsmywzxorlh',
        '71'
    )
    ,
    (
        '90d5d53c-d069-11e7-8fab-cec278b6b50a',
        'cbxmkeakbxzns',
        '795'
    )
    ,
    (
        '90d5d53c-d069-11e7-8fab-cec278b6b50a',
        'boscgdmwbcze',
        '8'
    )
    ,
    (
        '90d5d53c-d069-11e7-8fab-cec278b6b50a',
        'dsucekkru',
        '39'
    )
    ,
    (
        '90d5d53c-d069-11e7-8fab-cec278b6b50a',
        'zdehjtfiyu',
        '9'
    )
    ,
    (
        '90d5d53c-d069-11e7-8fab-cec278b6b50a',
        'vcfngnpg',
        '1'
    )
    ,
    (
        '90d5d53c-d069-11e7-8fab-cec278b6b50a',
        'saxycyo',
        '80'
    )
    ,
    (
        '90d5d53c-d069-11e7-8fab-cec278b6b50a',
        'wmlxzkapgsybht',
        '1'
    )
    ,
    (
        '90d5d53c-d069-11e7-8fab-cec278b6b50a',
        'zrlkhryhqoqzpdm',
        '46'
    )
    ,
    (
        '90d5d53c-d069-11e7-8fab-cec278b6b50a',
        'jmyql',
        '15'
    )
    ,
    (
        '90d5d53c-d069-11e7-8fab-cec278b6b50a',
        'kdrozb',
        '277'
    )
    ,
    (
        '90d5d53c-d069-11e7-8fab-cec278b6b50a',
        'toetoxbhhzwj',
        '650'
    )
    ,
    (
        '90d5d53c-d069-11e7-8fab-cec278b6b50a',
        'lmhuqsgj',
        '3'
    )
    ,
    (
        '90d5d53c-d069-11e7-8fab-cec278b6b50a',
        'owxwgx',
        '735'
    )
    ,
    (
        '90d5d53c-d069-11e7-8fab-cec278b6b50a',
        'ibnhrhuovjqr',
        '650'
    )
    ,
    (
        '90d5d53c-d069-11e7-8fab-cec278b6b50a',
        'plgkvlrzrx',
        '94'
    )
    ,
    (
        '90d5d53c-d069-11e7-8fab-cec278b6b50a',
        'jtkblhjvg',
        '401'
    )
    ,
    (
        '90d5d53c-d069-11e7-8fab-cec278b6b50a',
        'amtqv',
        '4'
    )
    ,
    (
        '90d5d53c-d069-11e7-8fab-cec278b6b50a',
        'jtsnsxmmr',
        '7'
    )
    ,
    (
        '90d5d53c-d069-11e7-8fab-cec278b6b50a',
        'cquyj',
        '7'
    )
    ,
    (
        '90d5d53c-d069-11e7-8fab-cec278b6b50a',
        'gebqto',
        '5'
    )
    ,
    (
        '90d5d53c-d069-11e7-8fab-cec278b6b50a',
        'vaahkrkhweety',
        '188'
    )
    ,
    (
        '90d5d53c-d069-11e7-8fab-cec278b6b50a',
        'nxaukuwwtkifr',
        '752'
    )
    ,
    (
        '90d5d53c-d069-11e7-8fab-cec278b6b50a',
        'cyoyoueeilminh',
        '436'
    )
    ,
    (
        '90d5d53c-d069-11e7-8fab-cec278b6b50a',
        'qpvakpnrfbhnw',
        '35'
    )
    ,
    (
        '90d5d53c-d069-11e7-8fab-cec278b6b50a',
        'hbzcymzmxgxutc',
        '34'
    )
    ,
    (
        '90d5d53c-d069-11e7-8fab-cec278b6b50a',
        'trzzrammihqd',
        '59'
    )
    ,
    (
        '90d5d53c-d069-11e7-8fab-cec278b6b50a',
        'ropfwshzzib',
        '573'
    )
    ,
    (
        '90d5d53c-d069-11e7-8fab-cec278b6b50a',
        'fudhpnb',
        '660'
    )
    ,
    (
        '90d5d53c-d069-11e7-8fab-cec278b6b50a',
        'aefnaqnxl',
        '89'
    )
    ,
    (
        '90d5d53c-d069-11e7-8fab-cec278b6b50a',
        'rinsqanz',
        '600'
    )
    ,
    (
        '90d5d53c-d069-11e7-8fab-cec278b6b50a',
        'lybrummnwxj',
        '5'
    )
    ,
    (
        '90d5d53c-d069-11e7-8fab-cec278b6b50a',
        'snkfrhkxthvotxs',
        '217'
    )
    ,
    (
        '90d5d53c-d069-11e7-8fab-cec278b6b50a',
        'zxgnq',
        '4'
    )
    ,
    (
        '90d5d53c-d069-11e7-8fab-cec278b6b50a',
        'evqfvkycweh',
        '410'
    )
    ,
    (
        '90d5d53c-d069-11e7-8fab-cec278b6b50a',
        'yfhlrlqx',
        '748'
    )
    ,
    (
        '90d5d53c-d069-11e7-8fab-cec278b6b50a',
        'xqhlwyjhdekj',
        '38'
    )
    ,
    (
        '90d5d53c-d069-11e7-8fab-cec278b6b50a',
        'wozmtczeuy',
        '5'
    )
    ,
    (
        '90d5d53c-d069-11e7-8fab-cec278b6b50a',
        'ammrtvcoyis',
        '8'
    )
    ,
    (
        '90d5d53c-d069-11e7-8fab-cec278b6b50a',
        'euqmc',
        '85'
    )
    ,
    (
        '90d5d53c-d069-11e7-8fab-cec278b6b50a',
        'yenqhdeqnv',
        '3'
    )
    ,
    (
        '90d5d53c-d069-11e7-8fab-cec278b6b50a',
        'orzrqam',
        '89'
    )
    ,
    (
        '90d5d53c-d069-11e7-8fab-cec278b6b50a',
        'jweatigqsn',
        '214'
    )
    ,
    (
        '90d5d53c-d069-11e7-8fab-cec278b6b50a',
        'fhtaxslaozump',
        '10'
    )
    ,
    (
        '90d5d53c-d069-11e7-8fab-cec278b6b50a',
        'gbbcpchvdnyospk',
        '817'
    )
    ,
    (
        '90d5d53c-d069-11e7-8fab-cec278b6b50a',
        'qepwowiqwpvhyxa',
        '350'
    )
    ,
    (
        '90d5d53c-d069-11e7-8fab-cec278b6b50a',
        'wxryvtnr',
        '72'
    )
    ,
    (
        '90d5d53c-d069-11e7-8fab-cec278b6b50a',
        'jkzvnkfmbpuzu',
        '57'
    )
    ,
    (
        '90d5d53c-d069-11e7-8fab-cec278b6b50a',
        'gdckrohagkxcuoa',
        '18'
    )
    ,
    (
        '90d5d53c-d069-11e7-8fab-cec278b6b50a',
        'ojuzmldbi',
        '85'
    )
    ,
    (
        '90d5d53c-d069-11e7-8fab-cec278b6b50a',
        'dzzzlxdnykxjmra',
        '803'
    )
    ,
    (
        '90d5d53c-d069-11e7-8fab-cec278b6b50a',
        'thuvtbhhjnp',
        '7'
    )
    ,
    (
        '90d5d53c-d069-11e7-8fab-cec278b6b50a',
        'pwivasrplinxap',
        '402'
    )
    ,
    (
        '90d5d53c-d069-11e7-8fab-cec278b6b50a',
        'jrxdbbv',
        '6'
    )
    ,
    (
        '90d5d53c-d069-11e7-8fab-cec278b6b50a',
        'onbdvudjveuer',
        '340'
    )
    ,
    (
        '90d5d53c-d069-11e7-8fab-cec278b6b50a',
        'eykvmwmpefugvbh',
        '743'
    )
    ,
    (
        '90d5d53c-d069-11e7-8fab-cec278b6b50a',
        'fhlvspjgxqyem',
        '436'
    )
    ,
    (
        '90d5d53c-d069-11e7-8fab-cec278b6b50a',
        'jcqqnctwhjgebw',
        '55'
    )
    ,
    (
        '90d5d53c-d069-11e7-8fab-cec278b6b50a',
        'lznvvyxigioxipk',
        '43'
    )
    ,
    (
        '90d5d53c-d069-11e7-8fab-cec278b6b50a',
        'dlicesziaj',
        '96'
    )
    ,
    (
        '90d5d53c-d069-11e7-8fab-cec278b6b50a',
        'steshfdrbznbx',
        '96'
    )
    ,
    (
        '90d5d53c-d069-11e7-8fab-cec278b6b50a',
        'mjabnfftknd',
        '74'
    )
    ,
    (
        '90d5d53c-d069-11e7-8fab-cec278b6b50a',
        'oxwlqetcfnvzlxy',
        '11'
    )
    ,
    (
        '90d5d53c-d069-11e7-8fab-cec278b6b50a',
        'fskyikbw',
        '48'
    )
    ,
    (
        '90d5d53c-d069-11e7-8fab-cec278b6b50a',
        'qxscib',
        '99'
    )
    ,
    (
        '90d5d53c-d069-11e7-8fab-cec278b6b50a',
        'fgxwfymxg',
        '24'
    )
    ,
    (
        '90d5d53c-d069-11e7-8fab-cec278b6b50a',
        'etgeytouqhnzp',
        '357'
    )
    ,
    (
        '90d5d53c-d069-11e7-8fab-cec278b6b50a',
        'fvfchwdsrx',
        '693'
    )
    ,
    (
        '90d5d53c-d069-11e7-8fab-cec278b6b50a',
        'sucuplwuaxao',
        '562'
    )
    ,
    (
        '90d5d53c-d069-11e7-8fab-cec278b6b50a',
        'deuzpdiryypjko',
        '3'
    )
    ,
    (
        '90d5d53c-d069-11e7-8fab-cec278b6b50a',
        'rxxypdemwzmywz',
        '26'
    )
    ,
    (
        '90d5d53c-d069-11e7-8fab-cec278b6b50a',
        'kppuzd',
        '7'
    )
    ,
    (
        '90d5d53c-d069-11e7-8fab-cec278b6b50a',
        'ysgmhvvrmdchs',
        '487'
    )
    ,
    (
        '90d5d53c-d069-11e7-8fab-cec278b6b50a',
        'tnzhwpdj',
        '786'
    )
    ,
    (
        '90d5d53c-d069-11e7-8fab-cec278b6b50a',
        'jtuyphiucvdt',
        '7'
    )
    ,
    (
        '90d5d53c-d069-11e7-8fab-cec278b6b50a',
        'fsfozhmgkmhpwq',
        '289'
    )
    ,
    (
        '90d5d53c-d069-11e7-8fab-cec278b6b50a',
        'uveskubufhaxr',
        '162'
    )
    ,
    (
        '90d5d53c-d069-11e7-8fab-cec278b6b50a',
        'wpdvzbshojzwacq',
        '23'
    )
    ,
    (
        '90d5d53c-d069-11e7-8fab-cec278b6b50a',
        'rmexjgl',
        '8'
    )
    ,
    (
        '90d5d53c-d069-11e7-8fab-cec278b6b50a',
        'hdfvvsclig',
        '55'
    )
    ,
    (
        '90d5d53c-d069-11e7-8fab-cec278b6b50a',
        'dmngghqnrfqa',
        '257'
    )
    ,
    (
        '90d5d53c-d069-11e7-8fab-cec278b6b50a',
        'hibadytiv',
        '11'
    )
    ,
    (
        '90d5d53c-d069-11e7-8fab-cec278b6b50a',
        'qjsleuoy',
        '492'
    )
    ,
    (
        '90d5d53c-d069-11e7-8fab-cec278b6b50a',
        'mtkoofrrupb',
        '295'
    )
    ,
    (
        '90d5d53c-d069-11e7-8fab-cec278b6b50a',
        'kdepo',
        '498'
    )
    ,
    (
        '90d5d53c-d069-11e7-8fab-cec278b6b50a',
        'jpdqimwghfk',
        '55'
    )
    ,
    (
        '90d5d53c-d069-11e7-8fab-cec278b6b50a',
        'infgtfvhlxyg',
        '120'
    )
    ,
    (
        '90d5d53c-d069-11e7-8fab-cec278b6b50a',
        'deayixba',
        '5'
    )
    ,
    (
        '90d5d53c-d069-11e7-8fab-cec278b6b50a',
        'opxumuqgmtk',
        '659'
    )
    ,
    (
        '90d5d53c-d069-11e7-8fab-cec278b6b50a',
        'xtebrnsabvvjfje',
        '57'
    )
    ,
    (
        '90d5d53c-d069-11e7-8fab-cec278b6b50a',
        'ocqfswiagfkc',
        '8'
    )
    ,
    (
        '90d5d53c-d069-11e7-8fab-cec278b6b50a',
        'ljtsskrocimoro',
        '8'
    )
    ,
    (
        '90d5d53c-d069-11e7-8fab-cec278b6b50a',
        'aqbtuormstnsi',
        '2'
    )
    ,
    (
        '90d5d53c-d069-11e7-8fab-cec278b6b50a',
        'rjeyemtlynv',
        '1'
    )
    ,
    (
        '90d5d53c-d069-11e7-8fab-cec278b6b50a',
        'yzpjascrxnkbvh',
        '4'
    )
    ,
    (
        '90d5d53c-d069-11e7-8fab-cec278b6b50a',
        'aklixntfwxbrp',
        '31'
    )
    ,
    (
        '90d5d53c-d069-11e7-8fab-cec278b6b50a',
        'fsqwzlkhpqyyutn',
        '510'
    )
    ,
    (
        '90d5d53c-d069-11e7-8fab-cec278b6b50a',
        'jmtrgovsgavtj',
        '28'
    )
    ,
    (
        '90d5d53c-d069-11e7-8fab-cec278b6b50a',
        'spzmcumb',
        '496'
    )
    ,
    (
        '90d5d53c-d069-11e7-8fab-cec278b6b50a',
        'xqsphfdpmvarth',
        '15'
    )
    ,
    (
        '90d5d53c-d069-11e7-8fab-cec278b6b50a',
        'nxhvvrq',
        '7'
    )
    ,
    (
        '90d5d53c-d069-11e7-8fab-cec278b6b50a',
        'fxnpltg',
        '4'
    )
    ,
    (
        '90d5d53c-d069-11e7-8fab-cec278b6b50a',
        'wwfeom',
        '1'
    )
    ,
    (
        '90d5d53c-d069-11e7-8fab-cec278b6b50a',
        'muqybtxr',
        '7'
    )
    ,
    (
        '90d5d53c-d069-11e7-8fab-cec278b6b50a',
        'uwvxizgivuupkg',
        '542'
    )
    ,
    (
        '90d5d53c-d069-11e7-8fab-cec278b6b50a',
        'yqcxkusonxp',
        '23'
    )
    ,
    (
        '90d5d53c-d069-11e7-8fab-cec278b6b50a',
        'jvrshjaxp',
        '29'
    )
    ,
    (
        '90d5d53c-d069-11e7-8fab-cec278b6b50a',
        'scdebfshpthx',
        '8'
    )
    ,
    (
        '90d5d53c-d069-11e7-8fab-cec278b6b50a',
        'bnuixc',
        '4'
    )
    ,
    (
        '90d5d53c-d069-11e7-8fab-cec278b6b50a',
        'rxnlbwxtvmkc',
        '83'
    )
    ,
    (
        '90d5d53c-d069-11e7-8fab-cec278b6b50a',
        'bxwdsnmogcjvisu',
        '14'
    )
    ,
    (
        '90d5d53c-d069-11e7-8fab-cec278b6b50a',
        'vjggyjwdvpowjk',
        '998'
    )
    ,
    (
        '90d5d53c-d069-11e7-8fab-cec278b6b50a',
        'pnbmhzunawgn',
        '2'
    )
    ,
    (
        '90d5d53c-d069-11e7-8fab-cec278b6b50a',
        'uwuyndhnu',
        '7'
    )
    ,
    (
        '90d5d53c-d069-11e7-8fab-cec278b6b50a',
        'eicmaokkbjagacv',
        '72'
    )
    ,
    (
        '90d5d53c-d069-11e7-8fab-cec278b6b50a',
        'zpmhhidm',
        '709'
    )
    ,
    (
        '90d5d53c-d069-11e7-8fab-cec278b6b50a',
        'gtlbgdkhxqjexe',
        '62'
    )
    ,
    (
        '90d5d53c-d069-11e7-8fab-cec278b6b50a',
        'arszukmhpwb',
        '27'
    )
    ,
    (
        '90d5d53c-d069-11e7-8fab-cec278b6b50a',
        'ogqahsh',
        '393'
    )
    ,
    (
        '90d5d53c-d069-11e7-8fab-cec278b6b50a',
        'ooeklkhzygs',
        '37'
    )
    ,
    (
        '90d5d53c-d069-11e7-8fab-cec278b6b50a',
        'peuvrmilyfogaj',
        '7'
    )
    ,
    (
        '90d5d53c-d069-11e7-8fab-cec278b6b50a',
        'aekjrienlqpypox',
        '308'
    )
    ,
    (
        '90d5d53c-d069-11e7-8fab-cec278b6b50a',
        'tinfuqhlscg',
        '54'
    )
    ,
    (
        '90d5d53c-d069-11e7-8fab-cec278b6b50a',
        'phbbjnkzk',
        '298'
    )
    ,
    (
        '90d5d53c-d069-11e7-8fab-cec278b6b50a',
        'lkwpzrqzyj',
        '7'
    )
    ,
    (
        '90d5d53c-d069-11e7-8fab-cec278b6b50a',
        'oddjhcdbbllolx',
        '7'
    )
    ,
    (
        '90d5d53c-d069-11e7-8fab-cec278b6b50a',
        'rufklqahabjg',
        '697'
    )
    ,
    (
        '90d5d53c-d069-11e7-8fab-cec278b6b50a',
        'xyxrhotmle',
        '8'
    )
    ,
    (
        '90d5d53c-d069-11e7-8fab-cec278b6b50a',
        'fupkwnvqpdwscga',
        '55'
    )
    ,
    (
        '90d5d53c-d069-11e7-8fab-cec278b6b50a',
        'cquhpmm',
        '839'
    )
    ,
    (
        '90d5d53c-d069-11e7-8fab-cec278b6b50a',
        'dpzvbtgemaad',
        '35'
    )
    ,
    (
        '90d5d53c-d069-11e7-8fab-cec278b6b50a',
        'epdbgdqotpebe',
        '9'
    )
    ,
    (
        '90d5d53c-d069-11e7-8fab-cec278b6b50a',
        'fvwxlwvtmbsezy',
        '4'
    )
    ,
    (
        '90d5d53c-d069-11e7-8fab-cec278b6b50a',
        'uuspufg',
        '665'
    )
    ,
    (
        '90d5d53c-d069-11e7-8fab-cec278b6b50a',
        'ezvhp',
        '467'
    )
    ,
    (
        '90d5d53c-d069-11e7-8fab-cec278b6b50a',
        'ustfnek',
        '911'
    )
    ,
    (
        '90d5d53c-d069-11e7-8fab-cec278b6b50a',
        'kynqxxergxefirp',
        '861'
    )
    ,
    (
        '90d5d53c-d069-11e7-8fab-cec278b6b50a',
        'kanla',
        '31'
    )
    ,
    (
        '90d5d53c-d069-11e7-8fab-cec278b6b50a',
        'mqsrexcqn',
        '3'
    )
    ,
    (
        '90d5d53c-d069-11e7-8fab-cec278b6b50a',
        'pukldpxraftwij',
        '847'
    )
    ,
    (
        '90d5d53c-d069-11e7-8fab-cec278b6b50a',
        'knkvzjxflh',
        '606'
    )
    ,
    (
        '90d5d53c-d069-11e7-8fab-cec278b6b50a',
        'xxwgqlrpjpzg',
        '3'
    )
    ,
    (
        '90d5d53c-d069-11e7-8fab-cec278b6b50a',
        'yqdybcmllv',
        '9'
    )
    ,
    (
        '90d5d53c-d069-11e7-8fab-cec278b6b50a',
        'tjtnwamvwvjwng',
        '15'
    )
    ,
    (
        '90d5d53c-d069-11e7-8fab-cec278b6b50a',
        'tgqasiltsy',
        '546'
    )
    ,
    (
        '90d5d53c-d069-11e7-8fab-cec278b6b50a',
        'etoxnafcvo',
        '59'
    )
    ,
    (
        '90d5d53c-d069-11e7-8fab-cec278b6b50a',
        'adevqxxe',
        '8'
    )
    ,
    (
        '90d5d53c-d069-11e7-8fab-cec278b6b50a',
        'dvglcshdwdxgtt',
        '8'
    )
    ,
    (
        '90d5d53c-d069-11e7-8fab-cec278b6b50a',
        'pzxht',
        '29'
    )
    ,
    (
        '90d5d53c-d069-11e7-8fab-cec278b6b50a',
        'pgqfclrxuorj',
        '737'
    )
    ,
    (
        '90d5d53c-d069-11e7-8fab-cec278b6b50a',
        'koxdc',
        '398'
    )
    ,
    (
        '90d5d53c-d069-11e7-8fab-cec278b6b50a',
        'ubcruwultpj',
        '516'
    )
    ,
    (
        '90d5d53c-d069-11e7-8fab-cec278b6b50a',
        'ehwqpowv',
        '49'
    )
    ,
    (
        '90d5d53c-d069-11e7-8fab-cec278b6b50a',
        'wncbzrbethtqgqt',
        '6'
    )
    ,
    (
        '90d5d53c-d069-11e7-8fab-cec278b6b50a',
        'csqbhujwxnvogl',
        '7'
    )
    ,
    (
        '90d5d53c-d069-11e7-8fab-cec278b6b50a',
        'jwvzy',
        '88'
    )
    ,
    (
        '90d5d53c-d069-11e7-8fab-cec278b6b50a',
        'guwxiyco',
        '651'
    )
    ,
    (
        '90d5d53c-d069-11e7-8fab-cec278b6b50a',
        'lcelvw',
        '269'
    )
    ,
    (
        '90d5d53c-d069-11e7-8fab-cec278b6b50a',
        'teqbfeouu',
        '751'
    )
    ,
    (
        '90d5d53c-d069-11e7-8fab-cec278b6b50a',
        'bmvcgmu',
        '1'
    )
    ,
    (
        '90d5d53c-d069-11e7-8fab-cec278b6b50a',
        'botzydak',
        '37'
    )
    ,
    (
        '90d5d53c-d069-11e7-8fab-cec278b6b50a',
        'irdsqzpqmtq',
        '737'
    )
    ,
    (
        '90d5d53c-d069-11e7-8fab-cec278b6b50a',
        'pbxneygztxvqr',
        '89'
    )
    ,
    (
        '90d5d53c-d069-11e7-8fab-cec278b6b50a',
        'scekywnac',
        '2'
    )
    ,
    (
        '90d5d53c-d069-11e7-8fab-cec278b6b50a',
        'mzqio',
        '6'
    )
    ,
    (
        '90d5d53c-d069-11e7-8fab-cec278b6b50a',
        'yyjrvpxdahfwv',
        '618'
    )
    ,
    (
        '90d5d53c-d069-11e7-8fab-cec278b6b50a',
        'wpizlslnt',
        '46'
    )
    ,
    (
        '90d5d53c-d069-11e7-8fab-cec278b6b50a',
        'croywvdlpazqr',
        '6'
    )
    ,
    (
        '90d5d53c-d069-11e7-8fab-cec278b6b50a',
        'xflniqvg',
        '445'
    )
    ,
    (
        '90d5d53c-d069-11e7-8fab-cec278b6b50a',
        'fhjxwezmbglu',
        '715'
    )
    ,
    (
        '90d5d53c-d069-11e7-8fab-cec278b6b50a',
        'jvkrr',
        '594'
    )
    ,
    (
        '90d5d53c-d069-11e7-8fab-cec278b6b50a',
        'jojuk',
        '68'
    )
    ,
    (
        '90d5d53c-d069-11e7-8fab-cec278b6b50a',
        'ldvtmlkflavqzqh',
        '1'
    )
    ,
    (
        '90d5d53c-d069-11e7-8fab-cec278b6b50a',
        'lhlljgglvxiakr',
        '7'
    )
    ,
    (
        '90d5d53c-d069-11e7-8fab-cec278b6b50a',
        'ybyntqiocjlbk',
        '6'
    )
    ,
    (
        '90d5d53c-d069-11e7-8fab-cec278b6b50a',
        'hbutdidrlsmr',
        '928'
    )
    ,
    (
        '90d5d53c-d069-11e7-8fab-cec278b6b50a',
        'gujyis',
        '79'
    )
    ,
    (
        '90d5d53c-d069-11e7-8fab-cec278b6b50a',
        'peaisqnevobsbz',
        '733'
    )
    ,
    (
        '90d5d53c-d069-11e7-8fab-cec278b6b50a',
        'nvhmjfajsbya',
        '66'
    )
    ,
    (
        '90d5d53c-d069-11e7-8fab-cec278b6b50a',
        'buxfgpjd',
        '11'
    )
    ,
    (
        '90d5d53c-d069-11e7-8fab-cec278b6b50a',
        'miewas',
        '75'
    )
    ,
    (
        '90d5d53c-d069-11e7-8fab-cec278b6b50a',
        'fivpm',
        '789'
    )
    ,
    (
        '90d5d53c-d069-11e7-8fab-cec278b6b50a',
        'lemfq',
        '378'
    )
    ,
    (
        '90d5d53c-d069-11e7-8fab-cec278b6b50a',
        'hrqepfiwoixypsf',
        '78'
    )
    ,
    (
        '90d5d53c-d069-11e7-8fab-cec278b6b50a',
        'jntxsuysamwztq',
        '3'
    )
    ,
    (
        '90d5d53c-d069-11e7-8fab-cec278b6b50a',
        'zrnau',
        '25'
    )
    ,
    (
        '90d5d53c-d069-11e7-8fab-cec278b6b50a',
        'qfzowntef',
        '459'
    )
    ,
    (
        '90d5d53c-d069-11e7-8fab-cec278b6b50a',
        'jpvmbjowhowvq',
        '47'
    )
    ,
    (
        '90d5d53c-d069-11e7-8fab-cec278b6b50a',
        'munxuvxjdvb',
        '480'
    )
    ,
    (
        '90d5d53c-d069-11e7-8fab-cec278b6b50a',
        'pckxiqdf',
        '389'
    )
    ,
    (
        '90d5d53c-d069-11e7-8fab-cec278b6b50a',
        'ujtwwbgfylgg',
        '148'
    )
    ,
    (
        '90d5d53c-d069-11e7-8fab-cec278b6b50a',
        'obiljosbpkorrvy',
        '2'
    )
    ,
    (
        '90d5d53c-d069-11e7-8fab-cec278b6b50a',
        'ajwglmwzs',
        '4'
    )
    ,
    (
        '90d5d53c-d069-11e7-8fab-cec278b6b50a',
        'oslbeainghhjmjl',
        '5'
    )
    ,
    (
        '90d5d53c-d069-11e7-8fab-cec278b6b50a',
        'sjqaiwcwdiku',
        '5'
    )
    ,
    (
        '90d5d53c-d069-11e7-8fab-cec278b6b50a',
        'gjzvanss',
        '90'
    )
    ,
    (
        '90d5d53c-d069-11e7-8fab-cec278b6b50a',
        'kvpapwexi',
        '28'
    )
    ,
    (
        '90d5d53c-d069-11e7-8fab-cec278b6b50a',
        'cuclwtb',
        '983'
    )
    ,
    (
        '90d5d53c-d069-11e7-8fab-cec278b6b50a',
        'fwyhdvdnboghvtj',
        '30'
    )
    ,
    (
        '90d5d53c-d069-11e7-8fab-cec278b6b50a',
        'hwnjscmczb',
        '3'
    )
    ,
    (
        '90d5d53c-d069-11e7-8fab-cec278b6b50a',
        'lpsll',
        '46'
    )
    ,
    (
        '90d5d53c-d069-11e7-8fab-cec278b6b50a',
        'ugqrpxeeuegdo',
        '885'
    )
    ,
    (
        '90d5d53c-d069-11e7-8fab-cec278b6b50a',
        'gpdwdbj',
        '985'
    )
    ,
    (
        '90d5d53c-d069-11e7-8fab-cec278b6b50a',
        'kmxivbxlb',
        '1'
    )
    ,
    (
        '90d5d53c-d069-11e7-8fab-cec278b6b50a',
        'hpjqvl',
        '1'
    )
    ,
    (
        '90d5d53c-d069-11e7-8fab-cec278b6b50a',
        'eptci',
        '45'
    )
    ,
    (
        '90d5d53c-d069-11e7-8fab-cec278b6b50a',
        'qwvesoqurydi',
        '55'
    )
    ,
    (
        '90d5d53c-d069-11e7-8fab-cec278b6b50a',
        'vywwfal',
        '323'
    )
    ,
    (
        '90d5d53c-d069-11e7-8fab-cec278b6b50a',
        'liszpkzkkzk',
        '604'
    )
    ,
    (
        '90d5d53c-d069-11e7-8fab-cec278b6b50a',
        'zkpeysxlzcwyw',
        '1'
    )
    ,
    (
        '90d5d53c-d069-11e7-8fab-cec278b6b50a',
        'dlfjfqivmd',
        '9'
    )
    ,
    (
        '90d5d53c-d069-11e7-8fab-cec278b6b50a',
        'xofjnk',
        '8'
    )
    ,
    (
        '90d5d53c-d069-11e7-8fab-cec278b6b50a',
        'jjrzkmtwatnou',
        '7'
    )
    ,
    (
        '90d5d53c-d069-11e7-8fab-cec278b6b50a',
        'wloclbvwj',
        '19'
    )
    ,
    (
        '90d5d53c-d069-11e7-8fab-cec278b6b50a',
        'ubblmkjoiz',
        '8'
    )
    ,
    (
        '90d5d53c-d069-11e7-8fab-cec278b6b50a',
        'hwvpndjih',
        '290'
    )
    ,
    (
        '90d5d53c-d069-11e7-8fab-cec278b6b50a',
        'bamanhjdktq',
        '886'
    )
    ,
    (
        '90d5d53c-d069-11e7-8fab-cec278b6b50a',
        'xnpwxeak',
        '511'
    )
    ,
    (
        '90d5d53c-d069-11e7-8fab-cec278b6b50a',
        'olveohdkacrf',
        '586'
    )
    ,
    (
        '90d5d53c-d069-11e7-8fab-cec278b6b50a',
        'lyxne',
        '98'
    )
    ,
    (
        '90d5d53c-d069-11e7-8fab-cec278b6b50a',
        'frsuml',
        '2'
    )
    ,
    (
        '90d5d53c-d069-11e7-8fab-cec278b6b50a',
        'epvcjbkbxyklife',
        '820'
    )
    ,
    (
        '90d5d53c-d069-11e7-8fab-cec278b6b50a',
        'ijiytyx',
        '3'
    )
    ,
    (
        '90d5d53c-d069-11e7-8fab-cec278b6b50a',
        'zhaenvxqiuy',
        '343'
    )
    ,
    (
        '90d5d53c-d069-11e7-8fab-cec278b6b50a',
        'pnntkchg',
        '877'
    )
    ,
    (
        '90d5d53c-d069-11e7-8fab-cec278b6b50a',
        'wnqep',
        '36'
    )
    ,
    (
        '90d5d53c-d069-11e7-8fab-cec278b6b50a',
        'ejrnqeifnaswc',
        '805'
    )
    ,
    (
        '90d5d53c-d069-11e7-8fab-cec278b6b50a',
        'xftjjygou',
        '7'
    )
    ,
    (
        '90d5d53c-d069-11e7-8fab-cec278b6b50a',
        'pkgrxtutpwj',
        '62'
    )
    ,
    (
        '90d5d53c-d069-11e7-8fab-cec278b6b50a',
        'zjvsjvns',
        '935'
    )
    ,
    (
        '90d5d53c-d069-11e7-8fab-cec278b6b50a',
        'hvzub',
        '724'
    )
    ,
    (
        '90d5d53c-d069-11e7-8fab-cec278b6b50a',
        'ymmdz',
        '98'
    )
    ,
    (
        '90d5d53c-d069-11e7-8fab-cec278b6b50a',
        'zejej',
        '94'
    )
    ,
    (
        '90d5d53c-d069-11e7-8fab-cec278b6b50a',
        'fmbybppvt',
        '66'
    )
    ,
    (
        '90d5d53c-d069-11e7-8fab-cec278b6b50a',
        'uknyziyoqoznlb',
        '1'
    )
    ,
    (
        '90d5d53c-d069-11e7-8fab-cec278b6b50a',
        'qxsgpmljnyqcqo',
        '17'
    )
    ,
    (
        '90d5d53c-d069-11e7-8fab-cec278b6b50a',
        'vemzveyawk',
        '6'
    )
    ,
    (
        '90d5d53c-d069-11e7-8fab-cec278b6b50a',
        'auifwqw',
        '8'
    )
    ,
    (
        '90d5d53c-d069-11e7-8fab-cec278b6b50a',
        'kelnneo',
        '6'
    )
    ,
    (
        '90d5d53c-d069-11e7-8fab-cec278b6b50a',
        'wtktyyzrelkpyx',
        '8'
    )
    ,
    (
        '90d5d53c-d069-11e7-8fab-cec278b6b50a',
        'bamhmrutxhaxw',
        '6'
    )
    ,
    (
        '90d5d53c-d069-11e7-8fab-cec278b6b50a',
        'gqpdcctbxrypx',
        '64'
    )
    ,
    (
        '90d5d53c-d069-11e7-8fab-cec278b6b50a',
        'ortebhsqp',
        '162'
    )
    ,
    (
        '90d5d53c-d069-11e7-8fab-cec278b6b50a',
        'emcgiqtdc',
        '2'
    )
    ,
    (
        '90d5d53c-d069-11e7-8fab-cec278b6b50a',
        'puznesgpqlgdj',
        '9'
    )
    ,
    (
        '90d5d53c-d069-11e7-8fab-cec278b6b50a',
        'nlddwqyzzcptpg',
        '173'
    )
    ,
    (
        '90d5d53c-d069-11e7-8fab-cec278b6b50a',
        'ckxiuz',
        '221'
    )
    ,
    (
        '90d5d53c-d069-11e7-8fab-cec278b6b50a',
        'bcurjivyz',
        '7'
    )
    ,
    (
        '90d5d53c-d069-11e7-8fab-cec278b6b50a',
        'riruucmlfmrauk',
        '2'
    )
    ,
    (
        '90d5d53c-d069-11e7-8fab-cec278b6b50a',
        'nielp',
        '817'
    )
    ,
    (
        '90d5d53c-d069-11e7-8fab-cec278b6b50a',
        'ledit',
        '99'
    )
    ,
    (
        '90d5d53c-d069-11e7-8fab-cec278b6b50a',
        'kdmeglb',
        '51'
    )
    ,
    (
        '90d5d53c-d069-11e7-8fab-cec278b6b50a',
        'mbdvsxj',
        '5'
    )
    ,
    (
        '90d5d53c-d069-11e7-8fab-cec278b6b50a',
        'bvdcjv',
        '2'
    )
    ,
    (
        '90d5d53c-d069-11e7-8fab-cec278b6b50a',
        'xmvumqvmqxnngw',
        '68'
    )
    ,
    (
        '90d5d53c-d069-11e7-8fab-cec278b6b50a',
        'olcfsbngxhwlesk',
        '905'
    )
    ,
    (
        '90d5d53c-d069-11e7-8fab-cec278b6b50a',
        'ndljkx',
        '874'
    )
    ,
    (
        '90d5d53c-d069-11e7-8fab-cec278b6b50a',
        'wmivdywlfhgwsj',
        '650'
    )
    ,
    (
        '90d5d53c-d069-11e7-8fab-cec278b6b50a',
        'dmbyapmi',
        '40'
    )
    ,
    (
        '90d5d53c-d069-11e7-8fab-cec278b6b50a',
        'kwybcjemdknzc',
        '49'
    )
    ,
    (
        '90d5d53c-d069-11e7-8fab-cec278b6b50a',
        'lfejll',
        '8'
    );